customerID,gender,SeniorCitizen,Partner,Dependents,tenure,PhoneService,InternetService,Contract,MonthlyCharges,TotalCharges,Churn
CUST00001,Male,0,Yes,No,15,Yes,DSL,Month-to-month,94.16,1412.4,Yes
CUST00002,Male,1,Yes,No,12,No,DSL,Month-to-month,43.27,519.24,No
CUST00003,Male,1,Yes,Yes,21,No,DSL,Two year,62.26,1307.46,No
CUST00004,Female,0,No,Yes,46,No,No,One year,80.37,3697.02,No
CUST00005,Male,1,Yes,Yes,47,Yes,Fiber optic,Two year,39.23,1843.81,Yes
CUST00006,Female,1,Yes,No,36,Yes,No,One year,83.57,3008.52,No
CUST00007,Female,1,Yes,No,22,Yes,DSL,Two year,92.91,2044.02,No
CUST00008,Female,0,No,No,5,No,DSL,One year,60.12,300.6,Yes
CUST00009,Female,1,No,No,34,Yes,DSL,Month-to-month,44.66,1518.44,No
CUST00010,Male,0,Yes,No,66,Yes,Fiber optic,One year,29.09,1919.94,Yes
CUST00011,Male,0,No,No,49,Yes,Fiber optic,Two year,119.61,5860.89,No
CUST00012,Female,0,Yes,No,56,Yes,DSL,Month-to-month,65.37,3660.72,No
CUST00013,Male,1,No,Yes,48,Yes,Fiber optic,Month-to-month,73.94,3549.12,No
CUST00014,Male,0,No,Yes,40,Yes,DSL,Month-to-month,25.79,1031.6,No
CUST00015,Female,0,Yes,No,61,No,No,Two year,36.51,2227.11,No
CUST00016,Male,0,Yes,No,48,Yes,No,One year,109.96,5278.08,No
CUST00017,Male,0,Yes,Yes,71,No,DSL,Month-to-month,78.84,5597.64,Yes
CUST00018,Male,1,Yes,No,66,No,DSL,Month-to-month,47.85,3158.1,No
CUST00019,Female,1,Yes,Yes,13,Yes,Fiber optic,Month-to-month,85.9,1116.7,Yes
CUST00020,Female,0,No,Yes,44,No,Fiber optic,Month-to-month,44.87,1974.28,Yes
CUST00021,Male,0,Yes,Yes,32,Yes,DSL,Month-to-month,64.31,2057.92,No
CUST00022,Male,0,No,Yes,53,No,Fiber optic,One year,68.14,3611.42,No
CUST00023,Female,0,Yes,No,59,Yes,DSL,One year,62.3,3675.7,No
CUST00024,Female,0,Yes,Yes,70,Yes,DSL,Month-to-month,94.8,6636.0,Yes
CUST00025,Male,0,Yes,No,9,No,Fiber optic,Two year,106.18,955.62,No
CUST00026,Female,0,No,No,27,No,DSL,Two year,91.62,2473.74,No
CUST00027,Male,0,Yes,No,2,Yes,Fiber optic,One year,82.12,164.24,No
CUST00028,Female,0,No,Yes,9,Yes,Fiber optic,Month-to-month,56.95,512.55,Yes
CUST00029,Female,0,No,Yes,15,No,No,Month-to-month,94.24,1413.6,Yes
CUST00030,Male,1,No,Yes,63,Yes,Fiber optic,One year,110.53,6963.39,No
CUST00031,Female,1,Yes,Yes,17,Yes,No,Two year,117.98,2005.66,No
CUST00032,Male,1,Yes,Yes,20,No,Fiber optic,Two year,23.6,472.0,No
CUST00033,Male,1,No,Yes,6,Yes,DSL,One year,41.01,246.06,Yes
CUST00034,Female,1,Yes,No,23,Yes,No,One year,22.48,517.04,No
CUST00035,Male,0,No,No,14,No,DSL,One year,107.22,1501.08,No
CUST00036,Female,0,No,No,29,No,No,Month-to-month,86.0,2494.0,Yes
CUST00037,Female,0,No,Yes,69,Yes,No,One year,113.92,7860.48,Yes
CUST00038,Male,1,Yes,No,56,Yes,No,One year,92.85,5199.6,No
CUST00039,Male,1,No,Yes,56,No,No,Month-to-month,71.99,4031.44,No
CUST00040,Female,1,No,No,41,No,No,Two year,104.8,4296.8,No
CUST00041,Female,0,No,No,38,Yes,Fiber optic,Two year,32.73,1243.74,No
CUST00042,Female,1,No,No,37,Yes,No,Month-to-month,62.99,2330.63,No
CUST00043,Female,0,Yes,No,61,Yes,DSL,Two year,36.97,2255.17,No
CUST00044,Male,1,No,Yes,19,No,Fiber optic,Month-to-month,24.62,467.78,No
CUST00045,Male,1,Yes,Yes,52,No,DSL,Month-to-month,34.76,1807.52,No
CUST00046,Male,1,No,No,72,No,No,Month-to-month,111.75,8046.0,Yes
CUST00047,Female,0,No,No,58,Yes,Fiber optic,Month-to-month,94.37,5473.46,No
CUST00048,Female,1,Yes,Yes,57,Yes,DSL,Month-to-month,91.35,5206.95,Yes
CUST00049,Female,1,No,No,50,No,DSL,Two year,35.28,1764.0,No
CUST00050,Male,1,No,Yes,27,No,Fiber optic,One year,58.95,1591.65,No
CUST00051,Male,1,Yes,No,50,No,Fiber optic,One year,73.82,3691.0,No
CUST00052,Female,0,No,Yes,4,Yes,Fiber optic,One year,53.61,214.44,No
CUST00053,Female,0,Yes,No,4,No,Fiber optic,Month-to-month,84.27,337.08,Yes
CUST00054,Female,1,No,No,28,Yes,Fiber optic,One year,52.68,1475.04,No
CUST00055,Female,0,Yes,Yes,3,Yes,DSL,Two year,73.94,221.82,No
CUST00056,Female,0,Yes,No,26,No,Fiber optic,Month-to-month,82.13,2135.38,Yes
CUST00057,Male,0,No,Yes,22,Yes,Fiber optic,Two year,80.72,1775.84,No
CUST00058,Male,0,No,Yes,49,Yes,Fiber optic,One year,114.15,5593.35,No
CUST00059,Female,0,No,No,69,Yes,Fiber optic,One year,86.15,5944.35,Yes
CUST00060,Male,1,Yes,No,47,No,Fiber optic,Two year,109.16,5130.52,No
CUST00061,Male,0,No,No,56,Yes,Fiber optic,Two year,79.25,4438.0,No
CUST00062,Male,1,Yes,No,49,No,Fiber optic,One year,22.87,1120.63,No
CUST00063,Male,0,Yes,Yes,36,No,Fiber optic,Two year,90.12,3244.32,No
CUST00064,Female,1,Yes,Yes,72,No,DSL,Month-to-month,89.06,6412.32,No
CUST00065,Female,1,No,No,52,No,Fiber optic,Two year,44.33,2305.16,No
CUST00066,Male,1,Yes,Yes,59,Yes,DSL,One year,50.66,2988.94,No
CUST00067,Female,0,Yes,No,62,Yes,Fiber optic,One year,92.46,5732.52,No
CUST00068,Female,0,Yes,No,23,Yes,No,One year,21.41,492.43,No
CUST00069,Female,1,No,No,63,Yes,DSL,Month-to-month,107.27,6758.01,No
CUST00070,Female,0,Yes,Yes,33,Yes,No,One year,31.41,1036.53,Yes
CUST00071,Female,0,No,No,39,No,Fiber optic,Month-to-month,119.39,4656.21,Yes
CUST00072,Male,0,Yes,No,55,Yes,DSL,One year,76.86,4227.3,Yes
CUST00073,Female,1,No,No,31,Yes,DSL,Month-to-month,75.2,2331.2,Yes
CUST00074,Male,0,No,Yes,37,No,DSL,Two year,48.27,1785.99,No
CUST00075,Male,0,Yes,Yes,70,No,No,Month-to-month,84.76,5933.2,No
CUST00076,Female,1,No,No,37,Yes,No,One year,32.44,1200.28,No
CUST00077,Male,0,Yes,Yes,6,No,No,One year,93.45,560.7,No
CUST00078,Female,0,No,No,6,Yes,Fiber optic,Month-to-month,67.05,402.3,No
CUST00079,Male,1,No,No,45,No,No,One year,53.33,2399.85,No
CUST00080,Female,1,Yes,No,52,Yes,No,Two year,23.67,1230.84,No
CUST00081,Female,1,No,Yes,70,Yes,Fiber optic,One year,61.32,4292.4,No
CUST00082,Female,0,Yes,Yes,71,Yes,Fiber optic,Month-to-month,112.77,8006.67,Yes
CUST00083,Male,1,Yes,Yes,71,No,No,Month-to-month,75.23,5341.33,Yes
CUST00084,Female,1,Yes,No,38,Yes,Fiber optic,Two year,90.54,3440.52,No
CUST00085,Male,1,No,No,25,No,DSL,Two year,70.82,1770.5,No
CUST00086,Female,0,No,No,37,No,Fiber optic,Two year,49.86,1844.82,No
CUST00087,Male,0,No,Yes,71,No,DSL,Two year,57.72,4098.12,No
CUST00088,Female,1,Yes,No,41,Yes,DSL,Two year,67.3,2759.3,No
CUST00089,Female,0,No,Yes,65,Yes,Fiber optic,Two year,53.2,3458.0,No
CUST00090,Female,1,Yes,No,20,No,Fiber optic,Month-to-month,66.95,1339.0,No
CUST00091,Female,0,Yes,No,63,Yes,No,Two year,23.59,1486.17,Yes
CUST00092,Male,0,No,Yes,13,No,Fiber optic,One year,36.64,476.32,No
CUST00093,Male,0,Yes,Yes,48,No,No,One year,34.56,1658.88,No
CUST00094,Female,1,No,No,31,Yes,Fiber optic,One year,111.28,3449.68,Yes
CUST00095,Female,1,No,No,37,No,Fiber optic,Two year,74.66,2762.42,Yes
CUST00096,Female,1,No,No,26,Yes,No,One year,105.33,2738.58,Yes
CUST00097,Male,1,No,Yes,51,No,DSL,One year,20.81,1061.31,No
CUST00098,Male,0,Yes,No,25,No,DSL,Two year,45.06,1126.5,No
CUST00099,Female,1,Yes,Yes,47,Yes,No,Two year,33.14,1557.58,No
CUST00100,Male,1,No,No,47,No,DSL,Two year,70.18,3298.46,No
CUST00101,Female,1,Yes,No,60,Yes,Fiber optic,Month-to-month,34.08,2044.8,No
CUST00102,Female,1,No,Yes,69,Yes,Fiber optic,Month-to-month,65.48,4518.12,No
CUST00103,Male,0,No,No,4,No,DSL,Two year,108.42,433.68,No
CUST00104,Female,0,Yes,Yes,18,Yes,Fiber optic,Month-to-month,114.63,2063.34,Yes
CUST00105,Female,0,No,Yes,59,No,No,One year,87.05,5135.95,No
CUST00106,Female,1,Yes,No,53,Yes,No,One year,23.27,1233.31,No
CUST00107,Male,1,No,Yes,48,Yes,Fiber optic,Two year,110.17,5288.16,No
CUST00108,Male,0,No,Yes,12,Yes,No,Two year,41.21,494.52,No
CUST00109,Male,0,No,Yes,27,Yes,Fiber optic,Month-to-month,102.98,2780.46,No
CUST00110,Male,0,Yes,Yes,19,No,DSL,Month-to-month,74.02,1406.38,No
CUST00111,Female,0,Yes,No,42,No,Fiber optic,Month-to-month,37.42,1571.64,Yes
CUST00112,Male,1,No,Yes,66,Yes,Fiber optic,Two year,30.91,2040.06,No
CUST00113,Female,0,Yes,No,52,Yes,DSL,One year,88.61,4607.72,No
CUST00114,Female,1,No,No,17,No,DSL,One year,82.43,1401.31,No
CUST00115,Male,1,No,Yes,15,No,Fiber optic,Two year,85.09,1276.35,No
CUST00116,Female,1,No,No,59,Yes,No,One year,61.6,3634.4,Yes
CUST00117,Female,0,No,Yes,61,Yes,No,Month-to-month,29.12,1776.32,Yes
CUST00118,Female,1,Yes,No,72,No,Fiber optic,Two year,52.96,3813.12,No
CUST00119,Female,0,Yes,No,14,No,DSL,Two year,70.74,990.36,No
CUST00120,Male,1,Yes,Yes,36,No,No,Two year,42.62,1534.32,No
CUST00121,Male,1,Yes,Yes,40,Yes,DSL,One year,55.1,2204.0,No
CUST00122,Male,1,No,No,68,Yes,DSL,Month-to-month,57.62,3918.16,No
CUST00123,Male,1,No,No,20,No,No,Month-to-month,95.44,1908.8,Yes
CUST00124,Male,1,No,Yes,57,No,No,One year,47.32,2697.24,No
CUST00125,Female,0,Yes,Yes,63,No,DSL,Two year,86.71,5462.73,Yes
CUST00126,Female,1,Yes,Yes,18,No,No,One year,48.94,880.92,Yes
CUST00127,Female,0,No,Yes,30,No,DSL,Two year,75.87,2276.1,No
CUST00128,Female,1,No,Yes,59,No,DSL,Month-to-month,106.21,6266.39,No
CUST00129,Female,0,No,Yes,42,Yes,Fiber optic,Month-to-month,100.13,4205.46,No
CUST00130,Female,0,No,Yes,52,Yes,No,Two year,27.86,1448.72,No
CUST00131,Female,1,Yes,Yes,15,Yes,DSL,Two year,71.0,1065.0,No
CUST00132,Male,0,No,No,33,No,No,Month-to-month,37.35,1232.55,Yes
CUST00133,Female,1,No,No,42,Yes,Fiber optic,Two year,51.61,2167.62,No
CUST00134,Male,1,No,Yes,65,Yes,No,Month-to-month,51.04,3317.6,No
CUST00135,Male,1,Yes,No,65,No,No,One year,66.27,4307.55,No
CUST00136,Female,0,Yes,Yes,20,Yes,No,Month-to-month,65.05,1301.0,No
CUST00137,Female,1,No,No,57,No,Fiber optic,One year,72.41,4127.37,No
CUST00138,Male,1,No,No,7,Yes,Fiber optic,Two year,84.73,593.11,Yes
CUST00139,Female,1,Yes,Yes,11,No,No,Two year,86.36,949.96,No
CUST00140,Male,1,No,Yes,49,No,Fiber optic,Two year,99.17,4859.33,No
CUST00141,Male,0,Yes,Yes,24,Yes,Fiber optic,Month-to-month,54.17,1300.08,No
CUST00142,Male,1,Yes,No,13,Yes,DSL,Two year,97.09,1262.17,No
CUST00143,Male,1,Yes,No,24,No,No,Two year,97.11,2330.64,No
CUST00144,Female,0,Yes,No,31,No,DSL,One year,81.06,2512.86,No
CUST00145,Female,1,No,No,48,Yes,DSL,Two year,114.71,5506.08,No
CUST00146,Female,0,Yes,No,18,Yes,DSL,One year,25.22,453.96,No
CUST00147,Female,0,Yes,No,35,No,DSL,One year,110.53,3868.55,Yes
CUST00148,Female,0,No,Yes,54,Yes,Fiber optic,Month-to-month,59.65,3221.1,Yes
CUST00149,Male,0,No,No,13,Yes,No,Two year,85.0,1105.0,No
CUST00150,Male,1,Yes,Yes,61,No,DSL,One year,81.53,4973.33,No
CUST00151,Female,1,Yes,Yes,37,No,No,Month-to-month,50.12,1854.44,Yes
CUST00152,Male,1,No,Yes,69,No,DSL,Month-to-month,83.2,5740.8,No
CUST00153,Female,0,Yes,No,54,No,DSL,Month-to-month,86.44,4667.76,Yes
CUST00154,Male,1,Yes,Yes,50,No,DSL,One year,45.37,2268.5,Yes
CUST00155,Male,1,No,Yes,6,Yes,DSL,One year,74.6,447.6,No
CUST00156,Male,0,No,No,59,No,No,Month-to-month,49.34,2911.06,Yes
CUST00157,Female,1,Yes,No,61,No,DSL,One year,23.66,1443.26,No
CUST00158,Female,1,Yes,No,48,No,Fiber optic,One year,108.95,5229.6,No
CUST00159,Male,1,Yes,No,67,No,DSL,One year,100.11,6707.37,No
CUST00160,Female,0,No,No,11,No,DSL,One year,86.09,946.99,No
CUST00161,Male,0,No,No,46,Yes,DSL,Two year,119.82,5511.72,No
CUST00162,Male,0,Yes,No,19,No,Fiber optic,Two year,87.81,1668.39,No
CUST00163,Female,1,No,Yes,5,Yes,No,Two year,35.34,176.7,No
CUST00164,Male,0,Yes,No,47,No,No,One year,51.44,2417.68,No
CUST00165,Male,1,No,Yes,16,Yes,DSL,One year,97.5,1560.0,No
CUST00166,Male,1,No,Yes,10,No,Fiber optic,One year,37.27,372.7,No
CUST00167,Male,1,Yes,Yes,21,Yes,DSL,Two year,90.96,1910.16,No
CUST00168,Female,1,Yes,Yes,31,Yes,Fiber optic,One year,22.63,701.53,No
CUST00169,Female,0,Yes,No,51,Yes,Fiber optic,Two year,91.89,4686.39,No
CUST00170,Male,0,No,Yes,60,Yes,No,Two year,71.74,4304.4,No
CUST00171,Male,1,No,Yes,20,No,DSL,One year,36.47,729.4,No
CUST00172,Male,0,Yes,Yes,71,No,No,One year,32.52,2308.92,No
CUST00173,Female,0,No,Yes,6,No,No,Month-to-month,28.12,168.72,No
CUST00174,Male,1,No,No,70,Yes,No,One year,84.19,5893.3,No
CUST00175,Male,1,Yes,No,8,No,No,Month-to-month,63.96,511.68,Yes
CUST00176,Male,1,Yes,No,45,Yes,Fiber optic,One year,33.08,1488.6,No
CUST00177,Female,1,Yes,Yes,58,No,No,Month-to-month,34.09,1977.22,Yes
CUST00178,Female,1,No,No,41,Yes,DSL,Month-to-month,96.31,3948.71,No
CUST00179,Female,0,Yes,No,51,No,No,Two year,65.72,3351.72,No
CUST00180,Female,0,No,No,61,No,Fiber optic,One year,73.67,4493.87,No
CUST00181,Female,1,Yes,No,6,No,No,One year,25.12,150.72,No
CUST00182,Male,1,No,No,36,No,DSL,Two year,88.04,3169.44,No
CUST00183,Male,0,Yes,No,26,No,No,Two year,70.91,1843.66,No
CUST00184,Female,1,Yes,No,59,No,No,Month-to-month,80.63,4757.17,No
CUST00185,Female,1,Yes,No,44,No,No,Two year,102.83,4524.52,No
CUST00186,Male,1,No,Yes,15,Yes,No,One year,78.37,1175.55,No
CUST00187,Female,0,Yes,Yes,62,Yes,DSL,Month-to-month,72.42,4490.04,No
CUST00188,Male,1,No,Yes,3,Yes,No,One year,51.37,154.11,Yes
CUST00189,Female,1,Yes,No,27,No,No,Two year,52.5,1417.5,No
CUST00190,Female,1,Yes,Yes,46,No,No,Two year,97.2,4471.2,No
CUST00191,Female,0,No,No,39,No,Fiber optic,Month-to-month,114.15,4451.85,No
CUST00192,Female,1,No,Yes,72,No,DSL,Two year,47.35,3409.2,No
CUST00193,Female,1,Yes,Yes,37,No,No,Two year,27.9,1032.3,No
CUST00194,Male,0,Yes,Yes,35,Yes,DSL,Month-to-month,30.92,1082.2,No
CUST00195,Male,0,Yes,No,13,No,Fiber optic,One year,53.03,689.39,No
CUST00196,Male,0,Yes,Yes,26,No,DSL,One year,52.12,1355.12,No
CUST00197,Female,0,Yes,No,5,Yes,Fiber optic,One year,98.8,494.0,Yes
CUST00198,Female,0,No,No,37,Yes,DSL,One year,118.91,4399.67,No
CUST00199,Male,0,No,No,43,Yes,DSL,Month-to-month,93.11,4003.73,No
CUST00200,Male,0,Yes,No,52,No,DSL,One year,71.53,3719.56,Yes
CUST00201,Female,1,No,Yes,1,No,No,One year,58.36,58.36,No
CUST00202,Female,1,Yes,No,47,No,No,Two year,43.63,2050.61,No
CUST00203,Male,0,Yes,No,16,Yes,Fiber optic,Two year,111.61,1785.76,No
CUST00204,Male,0,Yes,No,48,No,DSL,One year,90.19,4329.12,No
CUST00205,Male,0,Yes,No,15,No,DSL,Month-to-month,102.88,1543.2,No
CUST00206,Female,0,No,Yes,27,No,Fiber optic,Two year,78.31,2114.37,No
CUST00207,Male,1,No,Yes,8,Yes,No,Two year,66.24,529.92,No
CUST00208,Male,0,No,Yes,10,No,Fiber optic,Month-to-month,62.37,623.7,No
CUST00209,Female,1,No,No,24,No,Fiber optic,Month-to-month,96.58,2317.92,No
CUST00210,Male,1,Yes,Yes,11,No,No,Two year,116.41,1280.51,No
CUST00211,Male,1,No,No,17,No,DSL,Two year,117.87,2003.79,No
CUST00212,Male,0,No,Yes,32,Yes,DSL,One year,54.62,1747.84,No
CUST00213,Male,0,Yes,No,9,No,DSL,Month-to-month,79.39,714.51,Yes
CUST00214,Male,1,Yes,No,70,No,DSL,Month-to-month,95.44,6680.8,No
CUST00215,Female,1,No,Yes,39,Yes,No,Month-to-month,118.57,4624.23,No
CUST00216,Female,1,No,No,55,Yes,Fiber optic,Two year,69.56,3825.8,No
CUST00217,Male,1,Yes,No,49,Yes,No,Month-to-month,95.44,4676.56,No
CUST00218,Male,1,Yes,No,53,Yes,Fiber optic,One year,75.73,4013.69,Yes
CUST00219,Male,1,No,Yes,48,Yes,DSL,Month-to-month,73.56,3530.88,No
CUST00220,Female,1,Yes,Yes,72,Yes,No,Month-to-month,67.94,4891.68,No
CUST00221,Male,0,No,Yes,16,No,Fiber optic,Two year,119.96,1919.36,No
CUST00222,Female,1,No,No,49,Yes,No,One year,73.37,3595.13,No
CUST00223,Female,0,Yes,Yes,61,Yes,Fiber optic,One year,111.43,6797.23,No
CUST00224,Male,0,No,Yes,71,No,No,Two year,77.91,5531.61,No
CUST00225,Female,1,No,No,32,No,DSL,One year,75.06,2401.92,No
CUST00226,Male,0,Yes,Yes,46,Yes,DSL,Month-to-month,34.0,1564.0,No
CUST00227,Male,0,Yes,No,53,No,DSL,Month-to-month,104.25,5525.25,Yes
CUST00228,Female,0,Yes,No,62,No,DSL,Two year,68.79,4264.98,Yes
CUST00229,Male,0,Yes,Yes,65,Yes,DSL,Two year,87.4,5681.0,No
CUST00230,Female,0,No,No,68,No,No,One year,101.52,6903.36,No
CUST00231,Male,0,Yes,No,32,No,Fiber optic,Two year,42.59,1362.88,No
CUST00232,Male,0,No,No,71,No,No,One year,25.61,1818.31,Yes
CUST00233,Female,1,Yes,Yes,13,No,No,Two year,111.92,1454.96,No
CUST00234,Male,0,No,Yes,5,No,DSL,Month-to-month,112.88,564.4,Yes
CUST00235,Female,1,Yes,Yes,31,No,DSL,Two year,103.47,3207.57,No
CUST00236,Female,1,Yes,No,13,No,Fiber optic,One year,43.21,561.73,Yes
CUST00237,Male,1,Yes,No,30,Yes,No,One year,75.3,2259.0,No
CUST00238,Male,1,No,No,10,Yes,DSL,Month-to-month,46.8,468.0,Yes
CUST00239,Male,0,Yes,Yes,1,No,Fiber optic,One year,64.47,64.47,No
CUST00240,Male,1,Yes,No,72,No,DSL,Two year,71.24,5129.28,No
CUST00241,Male,0,No,Yes,38,Yes,Fiber optic,One year,58.78,2233.64,Yes
CUST00242,Female,1,No,No,39,No,DSL,One year,69.31,2703.09,Yes
CUST00243,Female,0,No,Yes,47,Yes,Fiber optic,One year,114.42,5377.74,No
CUST00244,Female,1,No,No,1,Yes,Fiber optic,One year,53.22,53.22,No
CUST00245,Female,0,No,No,42,No,No,Two year,114.73,4818.66,No
CUST00246,Female,1,No,Yes,63,Yes,No,Two year,98.2,6186.6,No
CUST00247,Female,0,No,No,70,Yes,Fiber optic,Month-to-month,88.17,6171.9,No
CUST00248,Male,1,No,Yes,64,No,No,Month-to-month,83.33,5333.12,Yes
CUST00249,Female,0,No,Yes,62,Yes,DSL,Two year,60.08,3724.96,No
CUST00250,Female,1,No,Yes,46,Yes,DSL,Month-to-month,84.7,3896.2,Yes
CUST00251,Male,1,No,No,34,No,No,Month-to-month,71.07,2416.38,No
CUST00252,Male,1,No,Yes,65,Yes,No,Month-to-month,54.5,3542.5,Yes
CUST00253,Male,1,No,No,19,Yes,Fiber optic,One year,51.19,972.61,No
CUST00254,Male,0,No,Yes,58,Yes,No,One year,26.72,1549.76,Yes
CUST00255,Female,1,Yes,No,32,Yes,DSL,Two year,37.45,1198.4,No
CUST00256,Male,1,No,No,56,Yes,No,One year,22.92,1283.52,No
CUST00257,Male,0,Yes,No,28,No,DSL,Month-to-month,47.83,1339.24,No
CUST00258,Female,1,No,Yes,59,No,Fiber optic,Month-to-month,46.24,2728.16,No
CUST00259,Female,0,Yes,No,59,Yes,DSL,Two year,37.25,2197.75,No
CUST00260,Female,1,Yes,No,40,No,DSL,Month-to-month,38.3,1532.0,No
CUST00261,Male,0,No,No,63,Yes,DSL,Two year,73.74,4645.62,No
CUST00262,Male,1,Yes,Yes,41,No,No,One year,81.94,3359.54,No
CUST00263,Female,1,No,Yes,65,Yes,No,Two year,69.5,4517.5,No
CUST00264,Female,0,No,No,4,Yes,No,Month-to-month,49.21,196.84,Yes
CUST00265,Female,0,No,Yes,15,No,DSL,One year,97.51,1462.65,No
CUST00266,Female,1,Yes,No,32,Yes,DSL,One year,107.48,3439.36,Yes
CUST00267,Female,0,Yes,Yes,27,Yes,DSL,Two year,78.79,2127.33,No
CUST00268,Female,1,No,No,45,Yes,DSL,Two year,48.11,2164.95,No
CUST00269,Male,0,Yes,Yes,53,No,DSL,Month-to-month,119.25,6320.25,No
CUST00270,Female,1,No,Yes,51,Yes,Fiber optic,One year,34.22,1745.22,No
CUST00271,Female,1,No,No,66,Yes,No,Two year,47.82,3156.12,No
CUST00272,Female,0,No,Yes,12,No,DSL,Two year,117.22,1406.64,No
CUST00273,Male,1,No,Yes,64,Yes,DSL,One year,52.29,3346.56,No
CUST00274,Female,1,Yes,No,59,Yes,No,Month-to-month,32.42,1912.78,No
CUST00275,Female,0,No,No,17,Yes,Fiber optic,Two year,50.19,853.23,No
CUST00276,Male,1,Yes,Yes,22,Yes,DSL,Month-to-month,59.63,1311.86,Yes
CUST00277,Female,0,Yes,No,62,Yes,Fiber optic,Month-to-month,33.27,2062.74,Yes
CUST00278,Male,0,No,No,17,No,DSL,One year,27.08,460.36,No
CUST00279,Male,0,Yes,No,49,No,No,Month-to-month,84.16,4123.84,No
CUST00280,Female,0,Yes,Yes,28,Yes,DSL,Two year,94.83,2655.24,No
CUST00281,Male,0,No,Yes,50,Yes,No,One year,116.32,5816.0,No
CUST00282,Female,0,Yes,No,37,No,No,Two year,22.68,839.16,No
CUST00283,Female,0,Yes,No,7,No,DSL,Month-to-month,69.49,486.43,Yes
CUST00284,Male,1,Yes,Yes,50,Yes,DSL,Two year,62.09,3104.5,No
CUST00285,Female,1,No,No,34,No,DSL,Month-to-month,23.98,815.32,Yes
CUST00286,Female,0,Yes,Yes,69,No,Fiber optic,Two year,81.6,5630.4,No
CUST00287,Male,0,Yes,Yes,9,No,DSL,One year,89.87,808.83,No
CUST00288,Male,0,Yes,Yes,59,Yes,DSL,Two year,80.88,4771.92,No
CUST00289,Female,0,No,Yes,64,No,No,One year,72.3,4627.2,No
CUST00290,Male,1,Yes,No,16,No,No,Month-to-month,53.5,856.0,Yes
CUST00291,Female,0,No,Yes,47,Yes,DSL,Month-to-month,69.96,3288.12,No
CUST00292,Male,0,No,No,66,No,DSL,Month-to-month,24.4,1610.4,No
CUST00293,Female,0,No,Yes,23,No,No,Month-to-month,75.29,1731.67,No
CUST00294,Male,0,Yes,Yes,41,Yes,Fiber optic,One year,102.6,4206.6,No
CUST00295,Female,1,Yes,No,9,Yes,Fiber optic,One year,106.6,959.4,No
CUST00296,Male,1,No,No,26,Yes,No,One year,76.38,1985.88,No
CUST00297,Male,0,No,Yes,70,No,DSL,Month-to-month,35.06,2454.2,No
CUST00298,Male,1,No,Yes,49,Yes,No,Two year,92.72,4543.28,No
CUST00299,Female,1,No,Yes,36,Yes,No,Month-to-month,24.39,878.04,Yes
CUST00300,Male,1,Yes,Yes,18,No,Fiber optic,Two year,102.0,1836.0,Yes
CUST00301,Female,1,No,Yes,41,Yes,DSL,One year,90.07,3692.87,No
CUST00302,Female,1,No,No,18,Yes,No,Two year,30.9,556.2,No
CUST00303,Male,0,Yes,No,46,Yes,DSL,Month-to-month,65.19,2998.74,No
CUST00304,Female,1,Yes,No,42,No,DSL,Month-to-month,29.12,1223.04,Yes
CUST00305,Male,0,No,Yes,4,Yes,DSL,One year,105.46,421.84,No
CUST00306,Male,0,No,No,2,Yes,No,Month-to-month,103.04,206.08,No
CUST00307,Female,0,Yes,No,34,Yes,DSL,Month-to-month,22.18,754.12,Yes
CUST00308,Female,1,Yes,No,60,No,DSL,Month-to-month,36.8,2208.0,No
CUST00309,Female,0,Yes,Yes,46,No,Fiber optic,Month-to-month,110.83,5098.18,Yes
CUST00310,Female,0,No,Yes,53,Yes,No,Two year,67.9,3598.7,No
CUST00311,Female,1,No,No,70,No,Fiber optic,Month-to-month,118.94,8325.8,No
CUST00312,Male,1,Yes,No,35,No,No,Month-to-month,22.61,791.35,No
CUST00313,Female,0,Yes,No,30,No,DSL,Month-to-month,30.01,900.3,No
CUST00314,Female,0,No,Yes,23,Yes,Fiber optic,Month-to-month,79.25,1822.75,No
CUST00315,Male,0,Yes,Yes,70,No,DSL,One year,37.56,2629.2,Yes
CUST00316,Male,1,Yes,Yes,43,Yes,No,Two year,40.15,1726.45,No
CUST00317,Male,1,No,Yes,19,No,Fiber optic,Month-to-month,104.65,1988.35,No
CUST00318,Female,1,No,Yes,42,No,DSL,Month-to-month,117.59,4938.78,No
CUST00319,Male,0,Yes,No,23,Yes,DSL,One year,50.68,1165.64,No
CUST00320,Female,0,No,Yes,41,Yes,Fiber optic,Two year,42.09,1725.69,No
CUST00321,Female,1,Yes,No,41,Yes,DSL,Month-to-month,83.62,3428.42,No
CUST00322,Male,0,No,No,9,No,DSL,One year,45.67,411.03,Yes
CUST00323,Female,0,No,Yes,53,Yes,Fiber optic,One year,108.18,5733.54,No
CUST00324,Male,0,No,Yes,10,No,DSL,Month-to-month,49.49,494.9,Yes
CUST00325,Female,1,Yes,No,10,Yes,No,Two year,114.18,1141.8,No
CUST00326,Male,1,No,No,56,No,DSL,Month-to-month,25.36,1420.16,Yes
CUST00327,Female,0,Yes,No,13,Yes,Fiber optic,Month-to-month,59.29,770.77,No
CUST00328,Female,0,Yes,Yes,12,Yes,DSL,One year,102.39,1228.68,No
CUST00329,Female,1,No,No,38,Yes,No,Month-to-month,67.36,2559.68,Yes
CUST00330,Female,0,No,Yes,70,No,Fiber optic,One year,38.49,2694.3,No
CUST00331,Male,0,Yes,Yes,60,No,No,One year,42.62,2557.2,No
CUST00332,Female,1,No,Yes,53,No,Fiber optic,Two year,42.75,2265.75,Yes
CUST00333,Male,0,No,Yes,11,Yes,DSL,One year,110.28,1213.08,No
CUST00334,Female,0,Yes,No,25,No,No,Month-to-month,24.27,606.75,Yes
CUST00335,Female,1,No,Yes,9,No,DSL,Month-to-month,58.81,529.29,Yes
CUST00336,Male,0,Yes,No,54,No,Fiber optic,Month-to-month,34.82,1880.28,No
CUST00337,Female,0,Yes,No,34,No,DSL,One year,85.48,2906.32,No
CUST00338,Male,0,No,No,52,No,DSL,Month-to-month,59.58,3098.16,No
CUST00339,Male,0,Yes,No,44,No,Fiber optic,One year,51.09,2247.96,No
CUST00340,Male,1,Yes,No,35,No,No,Two year,61.68,2158.8,No
CUST00341,Female,1,Yes,Yes,48,Yes,DSL,Month-to-month,71.53,3433.44,Yes
CUST00342,Female,0,No,No,26,No,No,Month-to-month,44.95,1168.7,No
CUST00343,Male,1,No,No,51,Yes,Fiber optic,Two year,112.31,5727.81,No
CUST00344,Female,0,No,Yes,71,No,DSL,One year,54.42,3863.82,No
CUST00345,Male,0,Yes,No,21,No,No,Two year,97.98,2057.58,No
CUST00346,Male,0,Yes,No,3,No,No,Two year,20.89,62.67,No
CUST00347,Female,1,Yes,No,36,No,No,One year,109.55,3943.8,No
CUST00348,Female,1,No,Yes,67,No,DSL,Two year,59.72,4001.24,No
CUST00349,Female,1,Yes,Yes,44,Yes,DSL,One year,84.06,3698.64,No
CUST00350,Male,1,No,No,52,No,Fiber optic,Two year,51.96,2701.92,No
CUST00351,Male,1,Yes,No,50,No,No,Two year,23.53,1176.5,No
CUST00352,Male,1,Yes,No,39,Yes,No,Month-to-month,104.06,4058.34,No
CUST00353,Male,1,Yes,Yes,34,No,DSL,Two year,100.83,3428.22,No
CUST00354,Female,1,No,Yes,40,No,DSL,One year,98.81,3952.4,No
CUST00355,Female,1,No,Yes,10,Yes,DSL,One year,108.94,1089.4,No
CUST00356,Female,0,No,Yes,26,Yes,Fiber optic,One year,60.92,1583.92,No
CUST00357,Male,0,No,No,43,Yes,DSL,Two year,118.66,5102.38,No
CUST00358,Male,1,No,No,21,No,Fiber optic,One year,98.52,2068.92,No
CUST00359,Female,0,No,Yes,50,Yes,No,Month-to-month,23.77,1188.5,Yes
CUST00360,Female,1,Yes,Yes,1,No,No,Two year,93.36,93.36,No
CUST00361,Female,1,No,No,40,Yes,Fiber optic,Month-to-month,26.53,1061.2,Yes
CUST00362,Female,0,Yes,Yes,63,Yes,DSL,One year,95.01,5985.63,Yes
CUST00363,Male,1,No,Yes,3,Yes,No,Two year,70.46,211.38,Yes
CUST00364,Male,1,No,No,14,Yes,No,Two year,103.61,1450.54,Yes
CUST00365,Male,1,No,Yes,33,No,No,One year,90.19,2976.27,No
CUST00366,Male,1,Yes,Yes,18,No,DSL,One year,103.07,1855.26,Yes
CUST00367,Female,1,No,Yes,26,Yes,No,One year,103.15,2681.9,No
CUST00368,Male,0,Yes,Yes,64,Yes,No,Month-to-month,88.82,5684.48,No
CUST00369,Male,0,No,Yes,64,No,Fiber optic,Month-to-month,114.94,7356.16,No
CUST00370,Male,1,No,No,34,No,No,One year,25.01,850.34,No
CUST00371,Male,0,Yes,No,15,No,Fiber optic,Month-to-month,105.12,1576.8,No
CUST00372,Male,0,No,No,35,No,Fiber optic,Two year,29.3,1025.5,No
CUST00373,Male,0,Yes,Yes,50,Yes,DSL,Two year,105.07,5253.5,No
CUST00374,Female,0,No,No,54,Yes,No,Two year,68.27,3686.58,No
CUST00375,Female,1,Yes,Yes,17,No,No,One year,112.04,1904.68,Yes
CUST00376,Male,1,Yes,No,41,Yes,Fiber optic,Month-to-month,90.46,3708.86,No
CUST00377,Male,0,Yes,No,45,No,DSL,Two year,87.63,3943.35,No
CUST00378,Female,0,Yes,No,10,No,DSL,One year,52.06,520.6,No
CUST00379,Male,1,No,No,11,Yes,Fiber optic,One year,64.42,708.62,No
CUST00380,Male,0,No,Yes,3,No,Fiber optic,Month-to-month,60.34,181.02,Yes
CUST00381,Female,1,No,No,47,Yes,DSL,Month-to-month,101.66,4778.02,No
CUST00382,Female,1,Yes,Yes,29,Yes,Fiber optic,Month-to-month,54.14,1570.06,No
CUST00383,Female,0,Yes,Yes,18,No,DSL,Two year,94.25,1696.5,No
CUST00384,Female,0,Yes,No,59,No,No,Month-to-month,91.68,5409.12,Yes
CUST00385,Male,1,No,Yes,65,Yes,No,Month-to-month,116.39,7565.35,Yes
CUST00386,Female,1,No,Yes,17,No,Fiber optic,Month-to-month,58.74,998.58,No
CUST00387,Female,1,No,Yes,44,Yes,DSL,One year,65.28,2872.32,Yes
CUST00388,Male,1,Yes,No,38,No,No,Two year,54.53,2072.14,No
CUST00389,Female,1,Yes,Yes,54,Yes,Fiber optic,Two year,94.79,5118.66,No
CUST00390,Male,1,No,Yes,19,Yes,No,Month-to-month,87.03,1653.57,Yes
CUST00391,Female,0,Yes,No,38,Yes,No,Month-to-month,95.36,3623.68,Yes
CUST00392,Female,1,No,Yes,37,Yes,No,Two year,86.45,3198.65,No
CUST00393,Female,0,No,Yes,33,Yes,Fiber optic,Month-to-month,82.06,2707.98,No
CUST00394,Male,0,No,Yes,58,No,Fiber optic,Month-to-month,118.35,6864.3,Yes
CUST00395,Female,0,No,No,72,Yes,DSL,One year,33.01,2376.72,No
CUST00396,Female,1,No,Yes,20,No,No,One year,79.69,1593.8,No
CUST00397,Male,1,No,Yes,29,No,DSL,Month-to-month,72.06,2089.74,No
CUST00398,Male,1,Yes,Yes,28,No,Fiber optic,Two year,53.19,1489.32,No
CUST00399,Male,1,No,Yes,31,No,Fiber optic,Two year,81.37,2522.47,No
CUST00400,Female,1,No,Yes,70,No,No,Two year,48.28,3379.6,No
CUST00401,Male,0,Yes,Yes,25,Yes,No,One year,71.39,1784.75,No
CUST00402,Female,0,Yes,Yes,55,No,No,Month-to-month,40.56,2230.8,No
CUST00403,Female,0,Yes,No,43,No,Fiber optic,Month-to-month,28.75,1236.25,Yes
CUST00404,Female,0,Yes,Yes,58,Yes,No,Two year,60.44,3505.52,No
CUST00405,Female,0,No,No,10,No,Fiber optic,One year,112.8,1128.0,Yes
CUST00406,Female,1,Yes,No,4,No,DSL,One year,35.63,142.52,Yes
CUST00407,Female,0,No,Yes,71,No,DSL,Two year,34.14,2423.94,Yes
CUST00408,Male,0,No,Yes,53,Yes,DSL,Two year,105.15,5572.95,No
CUST00409,Female,0,No,Yes,7,Yes,No,Two year,66.13,462.91,No
CUST00410,Male,0,No,Yes,63,Yes,Fiber optic,One year,55.71,3509.73,No
CUST00411,Male,1,No,No,63,Yes,DSL,One year,52.83,3328.29,No
CUST00412,Female,1,No,Yes,41,No,Fiber optic,Month-to-month,98.57,4041.37,No
CUST00413,Male,0,Yes,No,60,Yes,No,One year,55.87,3352.2,No
CUST00414,Male,0,Yes,No,26,Yes,DSL,One year,93.35,2427.1,No
CUST00415,Female,0,No,No,71,Yes,No,One year,74.35,5278.85,No
CUST00416,Female,1,Yes,Yes,38,Yes,No,Month-to-month,66.47,2525.86,No
CUST00417,Male,1,No,Yes,18,Yes,Fiber optic,One year,35.92,646.56,No
CUST00418,Male,1,No,No,30,No,DSL,Month-to-month,46.44,1393.2,Yes
CUST00419,Female,1,Yes,No,6,No,Fiber optic,Two year,52.41,314.46,No
CUST00420,Male,1,No,No,10,No,Fiber optic,Two year,45.16,451.6,No
CUST00421,Male,0,No,Yes,1,Yes,DSL,Two year,108.2,108.2,No
CUST00422,Male,1,No,Yes,21,No,No,One year,80.2,1684.2,No
CUST00423,Female,0,Yes,Yes,62,Yes,No,One year,41.07,2546.34,Yes
CUST00424,Male,0,Yes,No,21,Yes,No,Month-to-month,82.95,1741.95,Yes
CUST00425,Female,0,Yes,No,52,No,Fiber optic,Two year,116.92,6079.84,No
CUST00426,Male,1,Yes,No,22,No,No,Month-to-month,103.04,2266.88,No
CUST00427,Male,0,No,Yes,9,Yes,DSL,Month-to-month,57.82,520.38,Yes
CUST00428,Male,0,No,Yes,61,Yes,No,Two year,79.98,4878.78,No
CUST00429,Female,0,No,No,56,No,No,Two year,62.07,3475.92,No
CUST00430,Male,0,No,No,13,No,DSL,One year,33.39,434.07,No
CUST00431,Male,0,No,Yes,1,No,Fiber optic,Two year,94.36,94.36,Yes
CUST00432,Female,1,No,No,47,No,No,Month-to-month,35.48,1667.56,No
CUST00433,Female,0,No,No,51,No,Fiber optic,Month-to-month,61.32,3127.32,No
CUST00434,Male,0,No,Yes,45,Yes,DSL,Two year,59.81,2691.45,No
CUST00435,Male,0,No,Yes,66,Yes,DSL,One year,98.61,6508.26,No
CUST00436,Male,1,Yes,Yes,61,No,Fiber optic,Two year,63.54,3875.94,Yes
CUST00437,Male,1,No,Yes,67,Yes,No,One year,91.16,6107.72,No
CUST00438,Male,0,Yes,No,67,Yes,No,One year,39.47,2644.49,No
CUST00439,Female,1,No,No,1,Yes,No,Month-to-month,28.68,28.68,Yes
CUST00440,Female,1,No,No,2,Yes,No,Two year,90.36,180.72,No
CUST00441,Female,0,No,Yes,25,Yes,No,One year,112.97,2824.25,No
CUST00442,Female,1,No,No,38,No,DSL,One year,114.7,4358.6,No
CUST00443,Male,1,Yes,No,44,Yes,Fiber optic,One year,88.16,3879.04,No
CUST00444,Female,1,Yes,No,29,Yes,Fiber optic,Two year,90.12,2613.48,No
CUST00445,Male,0,No,No,12,No,DSL,One year,87.37,1048.44,No
CUST00446,Male,1,Yes,Yes,35,Yes,Fiber optic,Month-to-month,114.71,4014.85,No
CUST00447,Female,0,Yes,Yes,27,Yes,No,Month-to-month,40.28,1087.56,Yes
CUST00448,Male,1,No,No,64,No,No,Two year,20.66,1322.24,No
CUST00449,Female,1,Yes,Yes,36,Yes,No,One year,38.29,1378.44,No
CUST00450,Female,1,Yes,No,55,Yes,No,One year,113.97,6268.35,Yes
CUST00451,Male,1,Yes,No,67,No,No,One year,51.57,3455.19,Yes
CUST00452,Female,1,No,Yes,34,No,Fiber optic,Month-to-month,74.86,2545.24,Yes
CUST00453,Female,1,No,Yes,27,Yes,No,One year,90.07,2431.89,No
CUST00454,Female,1,Yes,Yes,30,Yes,Fiber optic,Month-to-month,92.08,2762.4,No
CUST00455,Female,1,No,No,2,Yes,Fiber optic,Month-to-month,62.15,124.3,Yes
CUST00456,Female,1,Yes,No,13,No,Fiber optic,Two year,36.33,472.29,No
CUST00457,Female,1,Yes,No,47,Yes,Fiber optic,One year,76.04,3573.88,No
CUST00458,Male,1,No,No,26,No,No,Two year,77.59,2017.34,No
CUST00459,Male,0,No,No,58,No,DSL,Month-to-month,58.11,3370.38,Yes
CUST00460,Female,1,No,No,11,No,Fiber optic,Month-to-month,54.36,597.96,Yes
CUST00461,Male,0,Yes,No,67,Yes,DSL,One year,61.4,4113.8,No
CUST00462,Female,0,Yes,No,22,Yes,DSL,One year,30.3,666.6,Yes
CUST00463,Female,1,Yes,Yes,34,No,Fiber optic,Two year,35.53,1208.02,No
CUST00464,Male,1,No,No,17,No,No,Month-to-month,72.67,1235.39,Yes
CUST00465,Male,1,No,No,35,No,Fiber optic,Two year,64.48,2256.8,No
CUST00466,Female,1,No,Yes,70,No,DSL,Month-to-month,100.47,7032.9,Yes
CUST00467,Female,1,No,Yes,1,No,Fiber optic,Two year,101.54,101.54,No
CUST00468,Male,0,No,Yes,39,No,No,Month-to-month,96.59,3767.01,No
CUST00469,Female,1,Yes,No,56,Yes,Fiber optic,One year,44.99,2519.44,No
CUST00470,Female,1,No,No,31,Yes,DSL,Two year,96.45,2989.95,No
CUST00471,Female,1,No,Yes,24,No,DSL,Month-to-month,48.96,1175.04,No
CUST00472,Male,1,No,Yes,20,No,No,Month-to-month,116.97,2339.4,Yes
CUST00473,Male,1,No,No,2,No,Fiber optic,Month-to-month,29.02,58.04,Yes
CUST00474,Male,0,No,No,60,Yes,No,Two year,99.14,5948.4,No
CUST00475,Female,0,Yes,Yes,61,No,Fiber optic,Month-to-month,39.22,2392.42,No
CUST00476,Male,0,No,No,32,No,Fiber optic,Two year,119.45,3822.4,No
CUST00477,Male,1,No,No,21,Yes,Fiber optic,Two year,92.82,1949.22,No
CUST00478,Female,1,Yes,Yes,7,No,No,Two year,41.78,292.46,Yes
CUST00479,Male,1,Yes,No,16,Yes,DSL,One year,98.91,1582.56,Yes
CUST00480,Male,0,No,Yes,21,Yes,DSL,One year,29.14,611.94,No
CUST00481,Female,1,Yes,Yes,63,No,Fiber optic,Month-to-month,51.67,3255.21,No
CUST00482,Female,1,No,Yes,18,Yes,No,One year,109.87,1977.66,No
CUST00483,Male,0,Yes,No,45,No,Fiber optic,One year,93.24,4195.8,No
CUST00484,Female,0,Yes,No,70,Yes,Fiber optic,One year,65.41,4578.7,No
CUST00485,Male,1,Yes,No,9,No,Fiber optic,Two year,116.72,1050.48,No
CUST00486,Male,0,Yes,Yes,42,Yes,DSL,Month-to-month,29.63,1244.46,No
CUST00487,Female,1,No,Yes,63,No,DSL,Month-to-month,29.88,1882.44,No
CUST00488,Female,0,No,Yes,10,No,No,Month-to-month,113.02,1130.2,Yes
CUST00489,Female,0,Yes,No,54,Yes,DSL,One year,99.42,5368.68,Yes
CUST00490,Female,0,Yes,Yes,67,Yes,No,Month-to-month,30.12,2018.04,Yes
CUST00491,Female,1,No,Yes,72,Yes,DSL,One year,94.61,6811.92,No
CUST00492,Female,1,No,No,71,No,Fiber optic,One year,70.47,5003.37,No
CUST00493,Male,1,No,No,56,No,Fiber optic,Two year,52.35,2931.6,No
CUST00494,Male,0,No,Yes,51,No,DSL,Month-to-month,92.63,4724.13,No
CUST00495,Female,0,Yes,Yes,28,No,Fiber optic,One year,22.17,620.76,No
CUST00496,Male,0,No,No,20,Yes,No,Month-to-month,46.5,930.0,No
CUST00497,Female,1,Yes,No,52,Yes,No,Two year,111.79,5813.08,No
CUST00498,Male,0,No,No,39,No,Fiber optic,Month-to-month,93.08,3630.12,No
CUST00499,Male,1,Yes,No,16,Yes,Fiber optic,Month-to-month,94.77,1516.32,No
CUST00500,Male,0,Yes,No,70,No,No,Two year,34.96,2447.2,No
CUST00501,Female,0,Yes,No,65,Yes,Fiber optic,Month-to-month,42.21,2743.65,Yes
CUST00502,Female,0,Yes,No,7,Yes,Fiber optic,Two year,59.92,419.44,Yes
CUST00503,Male,0,Yes,No,51,No,Fiber optic,Two year,77.13,3933.63,No
CUST00504,Female,0,No,No,12,Yes,Fiber optic,Month-to-month,87.17,1046.04,Yes
CUST00505,Female,0,No,Yes,22,Yes,DSL,One year,81.62,1795.64,No
CUST00506,Male,0,Yes,Yes,48,No,DSL,Month-to-month,95.77,4596.96,No
CUST00507,Female,0,No,Yes,44,Yes,DSL,Two year,100.43,4418.92,No
CUST00508,Male,0,No,Yes,70,No,DSL,Two year,95.04,6652.8,No
CUST00509,Female,0,No,Yes,8,Yes,Fiber optic,One year,40.07,320.56,No
CUST00510,Male,0,No,No,35,Yes,Fiber optic,Two year,105.21,3682.35,No
CUST00511,Male,0,Yes,No,66,Yes,DSL,Two year,29.96,1977.36,No
CUST00512,Male,0,No,No,32,No,No,Two year,50.49,1615.68,No
CUST00513,Female,0,No,No,39,Yes,No,Month-to-month,119.6,4664.4,No
CUST00514,Male,0,No,Yes,36,No,DSL,Month-to-month,35.17,1266.12,No
CUST00515,Female,1,Yes,Yes,20,Yes,No,One year,117.05,2341.0,No
CUST00516,Female,0,No,Yes,70,Yes,Fiber optic,Two year,100.01,7000.7,No
CUST00517,Male,1,Yes,Yes,9,No,Fiber optic,Two year,73.3,659.7,No
CUST00518,Female,0,Yes,Yes,53,Yes,DSL,One year,64.3,3407.9,No
CUST00519,Male,0,Yes,Yes,4,No,DSL,Two year,81.69,326.76,No
CUST00520,Female,0,No,No,62,No,DSL,Month-to-month,70.23,4354.26,No
CUST00521,Male,1,No,Yes,21,Yes,DSL,Month-to-month,42.63,895.23,Yes
CUST00522,Female,1,No,Yes,9,No,Fiber optic,Month-to-month,112.71,1014.39,No
CUST00523,Female,1,Yes,Yes,6,No,Fiber optic,Two year,93.53,561.18,No
CUST00524,Male,1,Yes,Yes,6,No,Fiber optic,Month-to-month,71.87,431.22,Yes
CUST00525,Male,1,No,Yes,51,Yes,Fiber optic,One year,97.37,4965.87,No
CUST00526,Male,1,No,No,58,No,DSL,Month-to-month,92.26,5351.08,Yes
CUST00527,Male,1,Yes,No,23,No,No,One year,79.03,1817.69,No
CUST00528,Female,1,Yes,No,21,Yes,Fiber optic,Two year,93.33,1959.93,No
CUST00529,Female,0,Yes,Yes,71,Yes,No,One year,24.39,1731.69,Yes
CUST00530,Female,1,Yes,Yes,7,Yes,DSL,One year,50.81,355.67,No
CUST00531,Female,1,Yes,No,1,Yes,DSL,Two year,96.54,96.54,Yes
CUST00532,Male,0,No,Yes,61,Yes,DSL,One year,61.02,3722.22,Yes
CUST00533,Male,1,No,Yes,19,Yes,DSL,Month-to-month,85.33,1621.27,Yes
CUST00534,Male,1,No,Yes,54,Yes,Fiber optic,Month-to-month,36.13,1951.02,Yes
CUST00535,Female,0,No,No,42,Yes,DSL,One year,109.75,4609.5,No
CUST00536,Male,0,Yes,Yes,36,No,No,One year,72.71,2617.56,No
CUST00537,Female,0,No,No,37,No,DSL,One year,80.88,2992.56,No
CUST00538,Male,0,No,Yes,30,Yes,No,Two year,49.05,1471.5,No
CUST00539,Male,0,Yes,No,54,No,DSL,One year,24.55,1325.7,No
CUST00540,Male,0,No,No,40,No,No,One year,70.67,2826.8,No
CUST00541,Female,1,Yes,Yes,4,No,DSL,Month-to-month,39.4,157.6,No
CUST00542,Female,0,No,No,59,Yes,DSL,Two year,109.59,6465.81,No
CUST00543,Male,1,No,Yes,43,No,DSL,One year,26.62,1144.66,Yes
CUST00544,Male,1,No,Yes,15,No,DSL,One year,90.53,1357.95,No
CUST00545,Female,0,Yes,No,48,Yes,DSL,One year,102.95,4941.6,No
CUST00546,Male,0,No,No,12,No,Fiber optic,One year,70.6,847.2,No
CUST00547,Male,0,Yes,No,19,No,No,Month-to-month,102.21,1941.99,No
CUST00548,Male,1,No,Yes,67,Yes,No,Month-to-month,20.41,1367.47,No
CUST00549,Male,1,Yes,Yes,40,No,Fiber optic,Month-to-month,77.76,3110.4,Yes
CUST00550,Female,0,Yes,No,69,Yes,DSL,One year,97.28,6712.32,No
CUST00551,Female,1,Yes,No,72,Yes,DSL,Two year,30.24,2177.28,No
CUST00552,Female,0,Yes,Yes,10,No,No,One year,81.33,813.3,No
CUST00553,Female,0,No,No,7,No,Fiber optic,Month-to-month,58.36,408.52,Yes
CUST00554,Male,1,Yes,Yes,26,No,DSL,Two year,95.84,2491.84,No
CUST00555,Female,1,Yes,Yes,59,Yes,No,One year,88.45,5218.55,No
CUST00556,Female,1,No,No,34,Yes,DSL,One year,59.21,2013.14,No
CUST00557,Male,1,No,Yes,61,Yes,Fiber optic,Month-to-month,55.14,3363.54,No
CUST00558,Female,1,No,No,14,Yes,No,One year,75.61,1058.54,Yes
CUST00559,Male,1,Yes,No,32,No,No,Two year,35.9,1148.8,No
CUST00560,Male,1,Yes,No,44,No,No,Two year,89.41,3934.04,No
CUST00561,Male,0,No,No,13,No,No,One year,37.62,489.06,No
CUST00562,Male,0,Yes,No,8,No,Fiber optic,Month-to-month,41.76,334.08,Yes
CUST00563,Female,1,No,No,58,Yes,No,Month-to-month,40.57,2353.06,No
CUST00564,Male,1,Yes,No,2,Yes,DSL,Two year,118.64,237.28,No
CUST00565,Male,0,No,No,72,No,No,One year,30.97,2229.84,No
CUST00566,Male,1,Yes,Yes,49,No,Fiber optic,One year,58.16,2849.84,No
CUST00567,Male,0,Yes,Yes,54,Yes,DSL,Month-to-month,48.85,2637.9,No
CUST00568,Male,0,No,No,63,No,No,Two year,63.67,4011.21,No
CUST00569,Female,1,No,Yes,24,Yes,Fiber optic,One year,70.94,1702.56,No
CUST00570,Female,1,No,Yes,1,Yes,No,Two year,69.82,69.82,No
CUST00571,Male,0,No,No,62,Yes,No,Two year,56.86,3525.32,No
CUST00572,Male,1,Yes,No,12,Yes,Fiber optic,Month-to-month,67.25,807.0,No
CUST00573,Female,1,No,No,59,No,DSL,Two year,110.61,6525.99,No
CUST00574,Female,0,No,Yes,5,Yes,No,Two year,112.29,561.45,No
CUST00575,Male,0,Yes,No,38,No,DSL,Two year,82.43,3132.34,No
CUST00576,Male,0,Yes,No,36,No,DSL,One year,105.79,3808.44,Yes
CUST00577,Male,1,Yes,Yes,34,Yes,Fiber optic,Two year,43.62,1483.08,No
CUST00578,Male,0,No,Yes,53,No,DSL,One year,43.79,2320.87,No
CUST00579,Female,0,No,No,7,No,Fiber optic,Month-to-month,66.4,464.8,Yes
CUST00580,Female,1,No,Yes,19,Yes,No,Two year,107.03,2033.57,Yes
CUST00581,Female,1,No,No,46,Yes,Fiber optic,One year,81.05,3728.3,No
CUST00582,Male,1,Yes,No,51,Yes,No,One year,97.32,4963.32,No
CUST00583,Male,1,No,Yes,2,No,Fiber optic,Month-to-month,21.2,42.4,Yes
CUST00584,Male,0,Yes,Yes,25,Yes,Fiber optic,Month-to-month,22.37,559.25,Yes
CUST00585,Female,0,No,No,24,No,No,Month-to-month,89.57,2149.68,Yes
CUST00586,Male,1,No,No,42,Yes,Fiber optic,One year,36.2,1520.4,Yes
CUST00587,Male,1,Yes,No,34,Yes,DSL,Month-to-month,64.06,2178.04,No
CUST00588,Female,1,Yes,Yes,70,Yes,DSL,One year,41.84,2928.8,No
CUST00589,Male,0,No,No,33,Yes,No,One year,21.88,722.04,No
CUST00590,Female,1,No,No,43,Yes,No,One year,77.46,3330.78,No
CUST00591,Female,0,No,No,29,No,Fiber optic,Month-to-month,58.44,1694.76,No
CUST00592,Female,1,Yes,No,8,No,No,Two year,119.7,957.6,No
CUST00593,Male,1,No,Yes,26,No,Fiber optic,Month-to-month,75.45,1961.7,No
CUST00594,Male,0,Yes,Yes,11,No,Fiber optic,Two year,63.8,701.8,No
CUST00595,Female,0,Yes,No,9,Yes,Fiber optic,Two year,84.34,759.06,No
CUST00596,Female,0,Yes,Yes,6,Yes,No,One year,31.82,190.92,No
CUST00597,Male,0,Yes,Yes,19,Yes,No,One year,85.38,1622.22,No
CUST00598,Male,0,Yes,Yes,7,No,No,One year,102.07,714.49,Yes
CUST00599,Female,1,Yes,Yes,29,No,DSL,Month-to-month,100.45,2913.05,Yes
CUST00600,Female,0,No,Yes,6,No,No,Two year,37.34,224.04,Yes
CUST00601,Male,0,No,Yes,22,Yes,Fiber optic,One year,44.36,975.92,No
CUST00602,Female,1,No,Yes,11,Yes,DSL,Month-to-month,20.72,227.92,No
CUST00603,Male,0,Yes,No,35,Yes,No,Two year,65.04,2276.4,No
CUST00604,Male,0,Yes,No,39,Yes,Fiber optic,One year,61.88,2413.32,No
CUST00605,Male,1,No,Yes,27,Yes,No,One year,25.31,683.37,Yes
CUST00606,Female,1,No,No,6,Yes,DSL,Month-to-month,84.49,506.94,Yes
CUST00607,Female,0,Yes,Yes,7,No,No,Two year,37.59,263.13,No
CUST00608,Female,0,Yes,No,42,Yes,DSL,One year,39.88,1674.96,No
CUST00609,Male,0,No,No,31,Yes,Fiber optic,Two year,61.26,1899.06,No
CUST00610,Female,1,Yes,No,19,Yes,No,Month-to-month,112.79,2143.01,No
CUST00611,Male,1,Yes,Yes,46,No,Fiber optic,One year,40.22,1850.12,Yes
CUST00612,Female,0,Yes,Yes,54,Yes,Fiber optic,Month-to-month,96.03,5185.62,Yes
CUST00613,Female,1,No,Yes,67,No,No,One year,106.22,7116.74,No
CUST00614,Male,0,No,Yes,32,Yes,Fiber optic,Month-to-month,52.73,1687.36,No
CUST00615,Male,1,No,Yes,65,Yes,No,Month-to-month,62.57,4067.05,Yes
CUST00616,Male,1,No,Yes,2,Yes,DSL,Two year,93.18,186.36,No
CUST00617,Male,1,No,Yes,62,No,DSL,Two year,50.48,3129.76,No
CUST00618,Male,1,No,Yes,48,No,Fiber optic,Two year,66.43,3188.64,No
CUST00619,Male,0,No,Yes,35,No,DSL,Two year,114.61,4011.35,No
CUST00620,Female,1,Yes,Yes,15,Yes,DSL,One year,56.56,848.4,No
CUST00621,Male,0,No,No,43,No,No,Month-to-month,73.96,3180.28,No
CUST00622,Female,1,Yes,No,55,No,Fiber optic,One year,25.45,1399.75,No
CUST00623,Male,0,No,Yes,48,Yes,Fiber optic,Two year,114.54,5497.92,No
CUST00624,Male,1,Yes,Yes,23,No,DSL,One year,115.83,2664.09,Yes
CUST00625,Female,0,No,No,27,No,Fiber optic,Two year,115.21,3110.67,Yes
CUST00626,Male,1,No,No,3,No,Fiber optic,One year,38.91,116.73,Yes
CUST00627,Male,1,Yes,No,68,Yes,Fiber optic,Two year,64.53,4388.04,No
CUST00628,Female,1,No,Yes,48,Yes,No,One year,96.97,4654.56,Yes
CUST00629,Male,0,Yes,Yes,69,Yes,Fiber optic,One year,38.23,2637.87,Yes
CUST00630,Male,1,No,Yes,17,No,Fiber optic,One year,46.04,782.68,No
CUST00631,Male,1,No,Yes,70,No,Fiber optic,Month-to-month,73.36,5135.2,Yes
CUST00632,Female,1,No,No,20,Yes,No,Month-to-month,117.02,2340.4,No
CUST00633,Male,0,Yes,No,57,Yes,Fiber optic,One year,88.91,5067.87,No
CUST00634,Male,0,No,Yes,29,Yes,DSL,One year,55.74,1616.46,No
CUST00635,Female,0,No,No,69,Yes,No,One year,87.71,6051.99,No
CUST00636,Female,1,No,Yes,47,No,Fiber optic,One year,34.79,1635.13,No
CUST00637,Male,0,No,No,45,No,Fiber optic,One year,117.75,5298.75,No
CUST00638,Female,0,Yes,Yes,21,Yes,Fiber optic,Two year,117.04,2457.84,No
CUST00639,Female,0,Yes,No,61,No,Fiber optic,Two year,118.66,7238.26,Yes
CUST00640,Male,0,Yes,No,23,No,No,Two year,66.21,1522.83,No
CUST00641,Female,1,No,Yes,63,Yes,DSL,Month-to-month,102.28,6443.64,Yes
CUST00642,Female,0,No,No,20,Yes,Fiber optic,One year,50.02,1000.4,No
CUST00643,Male,1,No,No,32,No,No,Month-to-month,31.94,1022.08,Yes
CUST00644,Male,1,Yes,Yes,61,Yes,Fiber optic,Two year,101.83,6211.63,No
CUST00645,Female,1,No,No,60,Yes,Fiber optic,Two year,33.55,2013.0,No
CUST00646,Male,0,Yes,Yes,38,No,Fiber optic,Two year,83.89,3187.82,Yes
CUST00647,Male,1,Yes,Yes,39,Yes,No,One year,88.54,3453.06,No
CUST00648,Male,0,Yes,Yes,37,Yes,DSL,One year,97.88,3621.56,No
CUST00649,Male,1,No,Yes,72,Yes,DSL,Two year,88.97,6405.84,No
CUST00650,Male,1,No,Yes,3,No,DSL,One year,54.82,164.46,No
CUST00651,Male,1,Yes,Yes,16,Yes,DSL,Month-to-month,32.87,525.92,No
CUST00652,Male,1,No,Yes,55,Yes,DSL,Two year,96.3,5296.5,No
CUST00653,Male,1,Yes,Yes,5,No,No,Two year,71.35,356.75,Yes
CUST00654,Male,0,Yes,No,2,Yes,DSL,Month-to-month,98.24,196.48,No
CUST00655,Female,1,Yes,Yes,19,Yes,DSL,Two year,114.18,2169.42,No
CUST00656,Female,0,Yes,Yes,2,Yes,No,Two year,41.7,83.4,No
CUST00657,Male,0,No,No,61,No,DSL,One year,89.81,5478.41,No
CUST00658,Female,0,No,Yes,66,Yes,Fiber optic,Month-to-month,60.76,4010.16,No
CUST00659,Male,1,No,Yes,47,No,Fiber optic,Two year,48.83,2295.01,No
CUST00660,Female,0,No,No,59,No,DSL,Two year,93.62,5523.58,No
CUST00661,Male,1,Yes,No,9,No,No,One year,113.91,1025.19,No
CUST00662,Male,0,Yes,No,11,Yes,Fiber optic,Month-to-month,34.34,377.74,Yes
CUST00663,Male,1,No,No,26,No,No,Two year,104.4,2714.4,No
CUST00664,Female,1,No,Yes,52,No,DSL,One year,67.58,3514.16,No
CUST00665,Male,0,Yes,Yes,16,Yes,Fiber optic,One year,68.93,1102.88,No
CUST00666,Male,1,Yes,Yes,4,No,Fiber optic,Month-to-month,58.26,233.04,No
CUST00667,Female,1,Yes,Yes,26,No,DSL,One year,86.21,2241.46,No
CUST00668,Female,0,Yes,Yes,50,No,No,One year,51.46,2573.0,No
CUST00669,Female,1,Yes,No,22,No,Fiber optic,One year,63.07,1387.54,No
CUST00670,Female,1,No,No,72,No,DSL,Month-to-month,70.67,5088.24,Yes
CUST00671,Female,0,No,No,4,Yes,Fiber optic,Two year,24.51,98.04,No
CUST00672,Male,0,Yes,No,45,Yes,No,One year,61.19,2753.55,Yes
CUST00673,Female,0,No,No,9,No,Fiber optic,One year,31.45,283.05,Yes
CUST00674,Female,1,No,No,3,Yes,Fiber optic,Two year,66.97,200.91,Yes
CUST00675,Female,0,No,No,13,No,DSL,Two year,87.51,1137.63,No
CUST00676,Male,1,No,Yes,64,No,No,Two year,104.73,6702.72,No
CUST00677,Male,1,No,Yes,52,No,Fiber optic,Month-to-month,82.46,4287.92,No
CUST00678,Female,1,No,No,27,Yes,Fiber optic,One year,99.57,2688.39,No
CUST00679,Male,0,Yes,No,52,Yes,No,One year,82.5,4290.0,No
CUST00680,Female,0,Yes,No,60,No,DSL,One year,113.72,6823.2,No
CUST00681,Female,1,No,Yes,31,Yes,Fiber optic,Month-to-month,94.64,2933.84,No
CUST00682,Male,1,Yes,Yes,35,Yes,DSL,One year,84.6,2961.0,No
CUST00683,Female,1,No,Yes,4,Yes,DSL,Month-to-month,99.7,398.8,Yes
CUST00684,Female,0,Yes,No,35,Yes,DSL,Month-to-month,22.91,801.85,No
CUST00685,Female,1,Yes,No,11,Yes,DSL,One year,80.16,881.76,No
CUST00686,Female,1,Yes,Yes,15,Yes,Fiber optic,Two year,93.45,1401.75,No
CUST00687,Male,1,Yes,Yes,43,Yes,DSL,Two year,93.72,4029.96,No
CUST00688,Male,1,No,Yes,28,No,No,One year,63.95,1790.6,No
CUST00689,Male,1,No,No,55,No,DSL,One year,88.27,4854.85,No
CUST00690,Male,1,No,No,5,No,No,Two year,86.22,431.1,No
CUST00691,Female,0,No,No,16,No,DSL,Two year,106.7,1707.2,No
CUST00692,Female,1,No,Yes,31,No,DSL,One year,41.04,1272.24,No
CUST00693,Female,1,Yes,Yes,63,No,No,One year,93.69,5902.47,No
CUST00694,Female,1,Yes,Yes,9,Yes,No,One year,62.09,558.81,No
CUST00695,Female,1,Yes,Yes,57,Yes,DSL,Two year,33.61,1915.77,No
CUST00696,Male,1,No,No,67,No,No,Two year,116.97,7836.99,No
CUST00697,Female,1,Yes,Yes,18,No,Fiber optic,One year,37.35,672.3,No
CUST00698,Male,0,Yes,Yes,24,Yes,Fiber optic,One year,107.64,2583.36,No
CUST00699,Female,1,No,Yes,26,Yes,Fiber optic,One year,90.13,2343.38,Yes
CUST00700,Female,1,No,Yes,22,Yes,No,Two year,31.74,698.28,No
CUST00701,Female,1,No,No,27,Yes,Fiber optic,Month-to-month,114.61,3094.47,No
CUST00702,Male,1,Yes,No,27,Yes,DSL,Two year,41.56,1122.12,No
CUST00703,Male,1,No,Yes,38,Yes,Fiber optic,One year,43.55,1654.9,No
CUST00704,Male,1,No,No,18,Yes,DSL,One year,117.44,2113.92,No
CUST00705,Female,1,Yes,Yes,72,No,No,Month-to-month,25.21,1815.12,No
CUST00706,Male,0,Yes,No,49,Yes,No,One year,117.75,5769.75,No
CUST00707,Female,1,Yes,No,64,Yes,Fiber optic,One year,107.79,6898.56,Yes
CUST00708,Female,1,No,No,6,No,No,Month-to-month,69.92,419.52,No
CUST00709,Female,1,Yes,No,34,Yes,DSL,Two year,51.3,1744.2,No
CUST00710,Female,0,No,No,20,Yes,Fiber optic,Month-to-month,42.99,859.8,Yes
CUST00711,Female,1,No,Yes,6,Yes,DSL,One year,55.65,333.9,No
CUST00712,Male,1,Yes,Yes,45,Yes,Fiber optic,Month-to-month,40.37,1816.65,Yes
CUST00713,Female,0,No,Yes,10,No,Fiber optic,Month-to-month,96.83,968.3,No
CUST00714,Female,1,No,Yes,14,No,DSL,One year,35.38,495.32,Yes
CUST00715,Male,0,Yes,No,58,No,DSL,One year,114.74,6654.92,No
CUST00716,Female,1,Yes,Yes,10,No,DSL,Two year,115.19,1151.9,No
CUST00717,Female,0,Yes,No,3,No,Fiber optic,Month-to-month,36.29,108.87,No
CUST00718,Male,1,Yes,No,40,No,Fiber optic,Two year,80.35,3214.0,No
CUST00719,Female,1,Yes,No,61,No,DSL,One year,76.31,4654.91,No
CUST00720,Male,0,No,Yes,6,No,Fiber optic,Two year,54.17,325.02,No
CUST00721,Male,0,No,Yes,56,No,Fiber optic,Month-to-month,110.72,6200.32,No
CUST00722,Male,1,No,Yes,7,No,No,Two year,27.65,193.55,Yes
CUST00723,Male,0,No,Yes,33,Yes,Fiber optic,One year,45.49,1501.17,Yes
CUST00724,Female,1,No,No,6,No,DSL,Month-to-month,61.63,369.78,No
CUST00725,Female,0,No,Yes,28,Yes,Fiber optic,Month-to-month,27.82,778.96,No
CUST00726,Female,1,No,No,15,No,Fiber optic,Month-to-month,37.17,557.55,No
CUST00727,Male,0,Yes,Yes,12,No,No,Month-to-month,33.51,402.12,Yes
CUST00728,Male,0,No,No,19,Yes,Fiber optic,Two year,44.18,839.42,No
CUST00729,Female,1,No,Yes,55,No,No,Month-to-month,31.65,1740.75,No
CUST00730,Female,0,No,Yes,32,Yes,No,Month-to-month,49.48,1583.36,No
CUST00731,Female,0,No,No,56,No,No,One year,104.86,5872.16,No
CUST00732,Female,1,Yes,No,63,No,Fiber optic,Month-to-month,91.43,5760.09,No
CUST00733,Female,1,Yes,Yes,15,No,No,One year,82.27,1234.05,No
CUST00734,Male,1,No,Yes,25,No,No,One year,54.38,1359.5,No
CUST00735,Female,1,Yes,Yes,50,No,No,One year,103.31,5165.5,No
CUST00736,Male,1,Yes,No,12,No,Fiber optic,Two year,68.29,819.48,No
CUST00737,Female,1,No,Yes,31,Yes,No,Month-to-month,75.68,2346.08,No
CUST00738,Male,0,Yes,No,5,No,Fiber optic,Month-to-month,53.77,268.85,Yes
CUST00739,Male,0,Yes,No,46,No,DSL,Month-to-month,97.01,4462.46,No
CUST00740,Male,0,Yes,Yes,14,Yes,DSL,Two year,80.97,1133.58,No
CUST00741,Female,0,Yes,No,47,No,DSL,Month-to-month,92.83,4363.01,No
CUST00742,Male,0,No,No,16,No,No,Month-to-month,63.91,1022.56,Yes
CUST00743,Female,1,Yes,Yes,22,No,DSL,Month-to-month,46.6,1025.2,No
CUST00744,Female,1,Yes,No,18,Yes,DSL,One year,61.34,1104.12,No
CUST00745,Male,1,Yes,No,67,Yes,No,Month-to-month,28.48,1908.16,Yes
CUST00746,Female,1,No,No,20,No,Fiber optic,Two year,25.78,515.6,No
CUST00747,Male,1,No,Yes,2,No,No,One year,110.02,220.04,No
CUST00748,Female,0,Yes,No,45,No,No,Two year,60.45,2720.25,No
CUST00749,Male,1,No,Yes,17,Yes,DSL,Two year,119.19,2026.23,No
CUST00750,Female,1,Yes,Yes,70,No,Fiber optic,Two year,45.87,3210.9,No
CUST00751,Male,1,No,Yes,65,No,Fiber optic,One year,32.38,2104.7,No
CUST00752,Male,1,No,No,31,Yes,No,Two year,118.9,3685.9,No
CUST00753,Male,1,No,Yes,49,Yes,No,Two year,93.75,4593.75,No
CUST00754,Male,1,Yes,No,55,Yes,Fiber optic,One year,28.19,1550.45,Yes
CUST00755,Female,1,No,No,68,No,No,One year,78.82,5359.76,No
CUST00756,Male,0,No,No,63,Yes,No,Two year,117.33,7391.79,No
CUST00757,Female,0,Yes,No,66,Yes,No,Two year,31.81,2099.46,No
CUST00758,Male,0,Yes,No,53,No,Fiber optic,Month-to-month,32.09,1700.77,No
CUST00759,Male,1,Yes,No,39,No,DSL,One year,68.59,2675.01,No
CUST00760,Female,0,Yes,No,24,No,No,Two year,68.88,1653.12,No
CUST00761,Female,1,Yes,Yes,40,No,Fiber optic,Two year,65.24,2609.6,No
CUST00762,Female,1,Yes,No,58,No,No,Month-to-month,106.63,6184.54,Yes
CUST00763,Male,0,Yes,No,6,Yes,No,Two year,109.0,654.0,No
CUST00764,Male,0,No,Yes,72,Yes,No,Month-to-month,39.24,2825.28,No
CUST00765,Male,0,No,Yes,69,No,Fiber optic,Month-to-month,116.24,8020.56,Yes
CUST00766,Female,0,No,Yes,6,No,Fiber optic,One year,106.2,637.2,Yes
CUST00767,Male,1,Yes,Yes,33,No,DSL,Month-to-month,31.46,1038.18,Yes
CUST00768,Male,1,Yes,Yes,20,Yes,Fiber optic,One year,115.22,2304.4,No
CUST00769,Female,1,No,Yes,50,Yes,DSL,Month-to-month,52.0,2600.0,Yes
CUST00770,Female,0,No,Yes,31,No,Fiber optic,Two year,78.6,2436.6,No
CUST00771,Male,0,No,Yes,71,Yes,No,One year,26.55,1885.05,Yes
CUST00772,Male,0,No,Yes,17,Yes,No,One year,76.82,1305.94,No
CUST00773,Female,1,Yes,Yes,55,Yes,Fiber optic,Two year,65.17,3584.35,Yes
CUST00774,Female,0,No,Yes,35,Yes,No,Two year,45.09,1578.15,No
CUST00775,Male,0,No,No,69,Yes,No,Two year,26.99,1862.31,No
CUST00776,Female,1,No,Yes,65,No,Fiber optic,One year,108.39,7045.35,No
CUST00777,Male,0,No,Yes,27,Yes,No,One year,115.9,3129.3,No
CUST00778,Female,1,Yes,Yes,23,Yes,No,One year,75.58,1738.34,No
CUST00779,Female,1,No,Yes,57,Yes,DSL,Two year,32.34,1843.38,No
CUST00780,Male,0,No,No,60,Yes,DSL,One year,113.62,6817.2,No
CUST00781,Female,0,No,No,39,Yes,DSL,Two year,42.11,1642.29,No
CUST00782,Female,0,Yes,Yes,26,Yes,No,Two year,59.61,1549.86,No
CUST00783,Male,1,Yes,Yes,17,No,No,Two year,26.5,450.5,No
CUST00784,Male,1,No,No,72,No,DSL,One year,20.2,1454.4,No
CUST00785,Male,0,Yes,No,67,No,No,One year,69.56,4660.52,No
CUST00786,Male,0,Yes,No,58,Yes,DSL,One year,20.52,1190.16,No
CUST00787,Male,0,No,No,26,Yes,No,Month-to-month,52.92,1375.92,Yes
CUST00788,Female,0,No,Yes,43,Yes,No,One year,44.72,1922.96,No
CUST00789,Male,0,Yes,No,57,No,No,Month-to-month,82.53,4704.21,No
CUST00790,Male,1,No,Yes,9,Yes,No,Month-to-month,26.2,235.8,No
CUST00791,Female,0,No,Yes,8,Yes,Fiber optic,Two year,25.22,201.76,No
CUST00792,Male,1,Yes,No,50,No,No,One year,99.52,4976.0,No
CUST00793,Male,0,Yes,No,25,No,Fiber optic,Month-to-month,30.27,756.75,No
CUST00794,Male,0,Yes,Yes,62,No,No,Two year,82.09,5089.58,No
CUST00795,Female,0,Yes,No,56,No,No,Two year,115.97,6494.32,No
CUST00796,Male,0,Yes,Yes,44,No,Fiber optic,One year,56.88,2502.72,Yes
CUST00797,Male,1,Yes,No,26,No,No,Month-to-month,84.06,2185.56,Yes
CUST00798,Female,1,No,Yes,43,Yes,Fiber optic,Two year,76.61,3294.23,No
CUST00799,Male,0,No,Yes,6,Yes,Fiber optic,One year,41.94,251.64,Yes
CUST00800,Male,1,Yes,Yes,43,No,DSL,Two year,57.59,2476.37,No
CUST00801,Female,0,Yes,Yes,72,Yes,Fiber optic,Month-to-month,34.24,2465.28,Yes
CUST00802,Female,0,Yes,Yes,23,Yes,DSL,Month-to-month,108.54,2496.42,No
CUST00803,Female,0,No,Yes,34,No,Fiber optic,Month-to-month,22.1,751.4,No
CUST00804,Female,0,Yes,Yes,31,Yes,DSL,One year,100.95,3129.45,No
CUST00805,Female,0,Yes,Yes,25,No,DSL,Two year,57.82,1445.5,No
CUST00806,Male,1,Yes,Yes,42,No,No,Month-to-month,25.33,1063.86,No
CUST00807,Female,1,No,Yes,9,No,No,Month-to-month,70.86,637.74,No
CUST00808,Female,1,No,No,48,Yes,DSL,Two year,89.45,4293.6,No
CUST00809,Male,1,No,No,29,Yes,Fiber optic,Month-to-month,65.21,1891.09,Yes
CUST00810,Female,1,No,Yes,33,Yes,Fiber optic,Two year,28.48,939.84,No
CUST00811,Female,1,No,No,66,No,Fiber optic,Two year,53.64,3540.24,No
CUST00812,Male,1,Yes,No,49,Yes,Fiber optic,Month-to-month,37.96,1860.04,Yes
CUST00813,Male,1,Yes,No,30,No,Fiber optic,Month-to-month,31.86,955.8,Yes
CUST00814,Female,0,No,No,36,No,Fiber optic,Month-to-month,90.56,3260.16,No
CUST00815,Male,1,Yes,Yes,52,Yes,Fiber optic,Two year,95.78,4980.56,Yes
CUST00816,Female,1,No,Yes,30,No,DSL,Two year,78.7,2361.0,No
CUST00817,Male,1,Yes,Yes,55,No,No,Two year,61.77,3397.35,No
CUST00818,Female,0,No,No,2,No,No,One year,101.04,202.08,No
CUST00819,Male,0,Yes,No,69,No,Fiber optic,One year,52.61,3630.09,Yes
CUST00820,Female,0,No,No,27,No,DSL,One year,26.37,711.99,No
CUST00821,Female,0,Yes,Yes,22,Yes,Fiber optic,Month-to-month,87.49,1924.78,Yes
CUST00822,Male,1,Yes,No,37,Yes,DSL,Month-to-month,43.3,1602.1,No
CUST00823,Male,1,No,Yes,42,No,DSL,One year,59.11,2482.62,No
CUST00824,Female,0,No,Yes,17,No,Fiber optic,Month-to-month,50.98,866.66,No
CUST00825,Female,0,No,No,26,No,Fiber optic,Month-to-month,119.11,3096.86,Yes
CUST00826,Female,1,No,No,6,Yes,Fiber optic,Two year,29.11,174.66,No
CUST00827,Female,1,Yes,Yes,32,No,No,Month-to-month,110.0,3520.0,No
CUST00828,Female,0,Yes,No,6,No,No,Month-to-month,108.55,651.3,Yes
CUST00829,Female,1,No,Yes,16,No,DSL,One year,27.65,442.4,Yes
CUST00830,Female,1,No,No,65,Yes,Fiber optic,Month-to-month,66.22,4304.3,Yes
CUST00831,Male,1,No,No,5,No,DSL,Month-to-month,45.06,225.3,No
CUST00832,Female,0,No,No,11,Yes,DSL,Two year,85.7,942.7,No
CUST00833,Female,0,Yes,Yes,3,No,DSL,Two year,30.05,90.15,No
CUST00834,Male,1,Yes,Yes,57,No,No,One year,37.79,2154.03,No
CUST00835,Female,0,Yes,No,40,Yes,DSL,One year,25.24,1009.6,Yes
CUST00836,Female,0,Yes,Yes,12,Yes,No,Month-to-month,62.17,746.04,No
CUST00837,Male,1,No,Yes,22,Yes,No,Two year,36.7,807.4,No
CUST00838,Female,1,Yes,Yes,51,No,No,One year,32.08,1636.08,No
CUST00839,Male,1,No,Yes,41,Yes,DSL,Month-to-month,58.92,2415.72,No
CUST00840,Male,0,No,Yes,53,No,No,One year,96.75,5127.75,No
CUST00841,Male,1,Yes,No,50,No,DSL,Two year,112.46,5623.0,No
CUST00842,Female,0,Yes,Yes,43,Yes,No,Month-to-month,80.85,3476.55,No
CUST00843,Male,0,Yes,Yes,16,No,Fiber optic,One year,43.64,698.24,No
CUST00844,Male,0,No,No,38,Yes,Fiber optic,Month-to-month,35.17,1336.46,Yes
CUST00845,Female,1,Yes,Yes,41,No,Fiber optic,Two year,98.7,4046.7,Yes
CUST00846,Male,0,No,No,32,Yes,Fiber optic,Month-to-month,73.93,2365.76,No
CUST00847,Male,0,Yes,Yes,1,Yes,DSL,Month-to-month,106.99,106.99,Yes
CUST00848,Male,0,Yes,No,23,No,Fiber optic,Two year,74.88,1722.24,No
CUST00849,Male,1,No,No,22,Yes,Fiber optic,Two year,39.75,874.5,No
CUST00850,Female,0,No,No,62,No,No,Month-to-month,115.1,7136.2,Yes
CUST00851,Male,1,No,Yes,56,No,No,Month-to-month,101.96,5709.76,No
CUST00852,Female,1,No,No,69,No,Fiber optic,Month-to-month,75.29,5195.01,Yes
CUST00853,Female,0,Yes,Yes,72,Yes,DSL,Two year,68.08,4901.76,No
CUST00854,Female,1,No,No,65,No,Fiber optic,Two year,92.53,6014.45,No
CUST00855,Male,1,Yes,Yes,10,No,Fiber optic,One year,108.5,1085.0,No
CUST00856,Female,0,No,No,45,Yes,DSL,Two year,90.91,4090.95,No
CUST00857,Male,0,No,No,62,Yes,Fiber optic,Month-to-month,112.15,6953.3,Yes
CUST00858,Male,0,Yes,Yes,32,No,Fiber optic,Two year,77.83,2490.56,No
CUST00859,Male,1,No,No,11,No,No,Two year,110.99,1220.89,No
CUST00860,Male,0,No,Yes,40,No,No,Two year,61.16,2446.4,No
CUST00861,Male,1,Yes,Yes,27,Yes,No,Two year,59.8,1614.6,No
CUST00862,Female,0,Yes,No,54,Yes,No,Two year,61.68,3330.72,No
CUST00863,Male,1,Yes,Yes,18,Yes,DSL,Month-to-month,68.65,1235.7,No
CUST00864,Female,1,Yes,Yes,24,Yes,Fiber optic,Month-to-month,45.94,1102.56,No
CUST00865,Male,0,No,No,11,Yes,DSL,One year,32.47,357.17,Yes
CUST00866,Male,0,Yes,Yes,8,No,No,One year,95.18,761.44,Yes
CUST00867,Female,1,No,No,67,No,Fiber optic,One year,113.21,7585.07,No
CUST00868,Male,1,No,Yes,31,Yes,Fiber optic,One year,86.51,2681.81,No
CUST00869,Male,0,No,Yes,52,No,Fiber optic,Two year,103.54,5384.08,No
CUST00870,Female,0,No,Yes,61,No,No,Two year,61.31,3739.91,No
CUST00871,Male,1,No,No,57,Yes,No,Month-to-month,80.68,4598.76,Yes
CUST00872,Male,0,No,Yes,50,No,No,One year,80.72,4036.0,No
CUST00873,Male,1,Yes,Yes,71,Yes,DSL,One year,36.81,2613.51,No
CUST00874,Male,1,No,No,12,Yes,No,Month-to-month,63.49,761.88,No
CUST00875,Male,0,No,Yes,33,No,DSL,Two year,67.63,2231.79,No
CUST00876,Female,1,Yes,Yes,9,No,DSL,Two year,54.32,488.88,No
CUST00877,Male,0,No,Yes,38,No,Fiber optic,Month-to-month,31.14,1183.32,Yes
CUST00878,Female,1,No,No,1,Yes,No,One year,26.19,26.19,No
CUST00879,Female,1,Yes,No,29,Yes,Fiber optic,Month-to-month,59.53,1726.37,No
CUST00880,Male,1,No,Yes,59,No,No,Month-to-month,80.15,4728.85,Yes
CUST00881,Female,0,No,Yes,62,Yes,No,Two year,102.87,6377.94,No
CUST00882,Male,1,No,No,29,Yes,DSL,Two year,93.57,2713.53,No
CUST00883,Female,1,No,Yes,71,No,Fiber optic,One year,53.74,3815.54,No
CUST00884,Male,1,Yes,No,25,No,No,Two year,105.63,2640.75,No
CUST00885,Female,0,Yes,Yes,21,Yes,No,Two year,33.76,708.96,No
CUST00886,Male,1,No,Yes,2,Yes,DSL,One year,92.6,185.2,No
CUST00887,Female,1,Yes,No,46,Yes,DSL,One year,37.96,1746.16,Yes
CUST00888,Male,1,Yes,No,16,No,Fiber optic,Month-to-month,59.66,954.56,Yes
CUST00889,Male,1,Yes,Yes,57,No,Fiber optic,One year,21.16,1206.12,Yes
CUST00890,Female,1,Yes,Yes,13,No,DSL,Two year,38.11,495.43,No
CUST00891,Female,1,Yes,Yes,69,Yes,No,Month-to-month,60.53,4176.57,No
CUST00892,Male,1,No,Yes,16,Yes,DSL,Month-to-month,106.2,1699.2,No
CUST00893,Male,0,Yes,No,27,No,No,Two year,36.12,975.24,No
CUST00894,Male,1,Yes,No,22,No,DSL,One year,117.71,2589.62,No
CUST00895,Female,0,Yes,Yes,63,Yes,DSL,Two year,51.29,3231.27,No
CUST00896,Male,0,No,No,25,Yes,No,Month-to-month,49.97,1249.25,No
CUST00897,Male,1,No,Yes,55,No,No,Month-to-month,74.98,4123.9,Yes
CUST00898,Female,0,No,Yes,55,No,DSL,Two year,34.32,1887.6,No
CUST00899,Male,0,No,Yes,41,Yes,No,One year,57.89,2373.49,No
CUST00900,Female,1,No,Yes,71,Yes,Fiber optic,One year,26.6,1888.6,No
CUST00901,Female,0,Yes,Yes,2,No,No,Month-to-month,57.72,115.44,No
CUST00902,Female,1,Yes,Yes,63,Yes,Fiber optic,Month-to-month,72.9,4592.7,No
CUST00903,Female,1,Yes,No,50,Yes,No,Month-to-month,54.52,2726.0,No
CUST00904,Female,1,Yes,No,66,Yes,No,Two year,35.55,2346.3,No
CUST00905,Female,1,No,No,54,No,No,Two year,65.78,3552.12,No
CUST00906,Female,1,No,Yes,30,Yes,DSL,One year,83.56,2506.8,Yes
CUST00907,Female,1,Yes,No,31,Yes,Fiber optic,Month-to-month,36.51,1131.81,Yes
CUST00908,Male,1,Yes,Yes,64,Yes,No,Two year,88.51,5664.64,No
CUST00909,Male,1,Yes,Yes,55,Yes,DSL,Two year,73.43,4038.65,No
CUST00910,Female,1,No,Yes,47,No,DSL,Month-to-month,71.37,3354.39,No
CUST00911,Male,1,No,No,44,No,Fiber optic,Two year,44.98,1979.12,No
CUST00912,Male,1,Yes,No,28,No,DSL,Month-to-month,93.8,2626.4,No
CUST00913,Female,0,Yes,No,46,Yes,Fiber optic,Month-to-month,81.55,3751.3,Yes
CUST00914,Male,0,No,Yes,46,No,DSL,Month-to-month,30.13,1385.98,No
CUST00915,Female,1,No,No,20,Yes,No,Two year,45.01,900.2,No
CUST00916,Female,0,Yes,No,35,No,DSL,Month-to-month,118.94,4162.9,No
CUST00917,Male,0,No,No,46,No,DSL,Two year,39.85,1833.1,No
CUST00918,Female,0,No,No,21,No,No,Two year,39.9,837.9,No
CUST00919,Female,1,Yes,Yes,17,Yes,DSL,One year,95.11,1616.87,No
CUST00920,Male,0,No,No,17,Yes,Fiber optic,Month-to-month,54.41,924.97,Yes
CUST00921,Female,0,Yes,Yes,62,Yes,Fiber optic,One year,48.22,2989.64,Yes
CUST00922,Female,0,No,Yes,15,Yes,DSL,One year,119.43,1791.45,No
CUST00923,Female,0,Yes,No,20,Yes,No,Month-to-month,32.05,641.0,Yes
CUST00924,Female,0,Yes,No,26,No,Fiber optic,Month-to-month,106.44,2767.44,Yes
CUST00925,Male,1,No,No,8,No,No,Two year,62.71,501.68,Yes
CUST00926,Male,0,Yes,No,54,Yes,Fiber optic,Month-to-month,51.98,2806.92,Yes
CUST00927,Male,1,No,No,61,No,Fiber optic,One year,110.85,6761.85,Yes
CUST00928,Male,1,No,No,15,No,DSL,Month-to-month,86.89,1303.35,No
CUST00929,Male,0,Yes,Yes,36,Yes,DSL,Month-to-month,78.43,2823.48,Yes
CUST00930,Female,1,No,Yes,58,Yes,DSL,Month-to-month,27.49,1594.42,No
CUST00931,Female,1,No,Yes,17,No,DSL,Month-to-month,61.82,1050.94,No
CUST00932,Male,0,No,Yes,62,No,DSL,One year,72.38,4487.56,No
CUST00933,Female,0,Yes,No,8,No,No,Two year,39.02,312.16,No
CUST00934,Male,0,Yes,Yes,50,No,No,One year,80.72,4036.0,No
CUST00935,Female,0,Yes,Yes,68,Yes,No,One year,50.34,3423.12,No
CUST00936,Female,0,No,Yes,31,Yes,DSL,One year,23.91,741.21,Yes
CUST00937,Female,1,Yes,No,69,Yes,Fiber optic,Month-to-month,20.14,1389.66,Yes
CUST00938,Male,1,Yes,No,38,Yes,Fiber optic,One year,118.53,4504.14,No
CUST00939,Male,1,No,Yes,3,No,DSL,Two year,85.73,257.19,No
CUST00940,Female,0,No,Yes,42,No,Fiber optic,One year,40.39,1696.38,No
CUST00941,Male,0,Yes,No,19,Yes,No,One year,29.37,558.03,No
CUST00942,Female,0,Yes,Yes,37,Yes,Fiber optic,Month-to-month,51.02,1887.74,No
CUST00943,Male,0,Yes,Yes,32,No,Fiber optic,One year,110.91,3549.12,No
CUST00944,Male,0,Yes,Yes,3,No,DSL,Month-to-month,102.66,307.98,No
CUST00945,Female,0,Yes,Yes,2,No,No,Month-to-month,115.76,231.52,Yes
CUST00946,Male,0,No,Yes,57,Yes,DSL,Month-to-month,50.74,2892.18,No
CUST00947,Female,0,Yes,Yes,14,Yes,DSL,Two year,49.67,695.38,No
CUST00948,Male,1,Yes,No,55,Yes,DSL,One year,34.74,1910.7,No
CUST00949,Male,1,Yes,No,29,Yes,DSL,Month-to-month,115.65,3353.85,Yes
CUST00950,Male,1,Yes,No,20,No,Fiber optic,Month-to-month,62.86,1257.2,Yes
CUST00951,Female,0,Yes,Yes,14,Yes,Fiber optic,One year,111.62,1562.68,No
CUST00952,Female,0,Yes,No,19,No,DSL,One year,64.67,1228.73,No
CUST00953,Female,1,No,No,12,No,Fiber optic,One year,119.48,1433.76,No
CUST00954,Male,1,No,No,53,No,No,Two year,99.35,5265.55,No
CUST00955,Female,0,Yes,Yes,69,No,DSL,Month-to-month,58.46,4033.74,No
CUST00956,Male,0,Yes,No,27,No,DSL,Month-to-month,56.24,1518.48,No
CUST00957,Female,0,Yes,Yes,38,Yes,No,One year,34.41,1307.58,No
CUST00958,Female,0,No,No,18,Yes,No,Month-to-month,116.21,2091.78,No
CUST00959,Male,0,Yes,No,14,Yes,DSL,Two year,78.16,1094.24,No
CUST00960,Female,0,Yes,No,32,Yes,No,Month-to-month,21.25,680.0,No
CUST00961,Female,1,Yes,No,68,Yes,DSL,Two year,114.88,7811.84,No
CUST00962,Male,0,No,No,8,No,No,Two year,23.21,185.68,No
CUST00963,Female,0,No,Yes,34,No,DSL,Two year,70.19,2386.46,No
CUST00964,Male,0,No,No,28,No,No,One year,81.9,2293.2,No
CUST00965,Female,0,No,Yes,52,Yes,DSL,One year,36.48,1896.96,No
CUST00966,Male,1,Yes,Yes,47,Yes,DSL,Two year,97.88,4600.36,No
CUST00967,Male,0,No,Yes,2,Yes,No,One year,38.77,77.54,Yes
CUST00968,Female,0,No,No,62,No,No,Month-to-month,24.8,1537.6,Yes
CUST00969,Male,0,No,No,25,Yes,No,One year,95.18,2379.5,No
CUST00970,Male,1,Yes,Yes,20,No,DSL,Month-to-month,78.72,1574.4,Yes
CUST00971,Male,0,No,No,12,Yes,Fiber optic,Two year,43.16,517.92,No
CUST00972,Male,1,Yes,Yes,38,Yes,DSL,One year,82.35,3129.3,No
CUST00973,Female,0,No,Yes,64,No,Fiber optic,Month-to-month,100.47,6430.08,Yes
CUST00974,Female,1,Yes,Yes,22,Yes,No,One year,36.15,795.3,No
CUST00975,Female,0,Yes,No,59,Yes,Fiber optic,One year,118.61,6997.99,No
CUST00976,Male,1,No,No,37,No,DSL,One year,60.9,2253.3,No
CUST00977,Male,0,Yes,Yes,53,Yes,DSL,Two year,65.01,3445.53,No
CUST00978,Male,0,No,No,38,Yes,Fiber optic,One year,35.82,1361.16,No
CUST00979,Female,0,Yes,Yes,60,Yes,Fiber optic,One year,84.25,5055.0,No
CUST00980,Female,1,Yes,No,56,Yes,Fiber optic,Month-to-month,60.15,3368.4,Yes
CUST00981,Male,0,No,Yes,59,No,DSL,Month-to-month,74.51,4396.09,No
CUST00982,Male,0,No,No,47,No,No,One year,117.86,5539.42,No
CUST00983,Male,1,No,No,23,Yes,No,Month-to-month,34.17,785.91,Yes
CUST00984,Female,1,No,Yes,34,Yes,Fiber optic,Month-to-month,103.05,3503.7,Yes
CUST00985,Male,1,No,No,54,Yes,No,One year,67.55,3647.7,No
CUST00986,Male,1,No,Yes,26,Yes,Fiber optic,Month-to-month,92.27,2399.02,No
CUST00987,Female,1,Yes,No,19,Yes,No,One year,106.43,2022.17,Yes
CUST00988,Male,0,No,Yes,58,No,DSL,Two year,116.95,6783.1,No
CUST00989,Male,1,No,Yes,45,No,Fiber optic,Month-to-month,115.24,5185.8,No
CUST00990,Female,1,No,No,65,No,No,Month-to-month,89.93,5845.45,No
CUST00991,Male,1,No,No,55,Yes,No,Two year,117.41,6457.55,No
CUST00992,Female,1,Yes,Yes,21,Yes,DSL,Two year,63.59,1335.39,No
CUST00993,Male,1,Yes,No,3,No,DSL,Two year,113.25,339.75,Yes
CUST00994,Female,0,No,No,29,No,No,One year,75.16,2179.64,Yes
CUST00995,Female,1,No,No,51,No,No,Month-to-month,113.96,5811.96,No
CUST00996,Male,0,Yes,No,31,No,Fiber optic,Month-to-month,110.02,3410.62,Yes
CUST00997,Female,0,No,Yes,22,No,DSL,Two year,119.28,2624.16,No
CUST00998,Male,1,Yes,Yes,50,Yes,No,Two year,37.37,1868.5,No
CUST00999,Female,0,No,Yes,16,Yes,DSL,Two year,77.69,1243.04,No
CUST01000,Male,0,Yes,No,4,Yes,No,One year,21.15,84.6,No
CUST01001,Male,0,Yes,No,17,Yes,No,One year,83.45,1418.65,No
CUST01002,Female,0,No,Yes,32,Yes,No,Two year,98.0,3136.0,No
CUST01003,Male,1,Yes,Yes,3,Yes,Fiber optic,Two year,118.48,355.44,No
CUST01004,Female,0,No,Yes,34,No,DSL,Month-to-month,29.28,995.52,No
CUST01005,Male,1,No,No,53,No,DSL,Month-to-month,68.65,3638.45,No
CUST01006,Male,0,No,No,24,No,No,One year,21.01,504.24,Yes
CUST01007,Male,0,Yes,Yes,70,Yes,DSL,Month-to-month,35.84,2508.8,No
CUST01008,Male,0,Yes,Yes,47,No,Fiber optic,Month-to-month,109.86,5163.42,Yes
CUST01009,Female,1,No,No,62,No,DSL,Month-to-month,115.32,7149.84,Yes
CUST01010,Female,1,Yes,No,33,Yes,DSL,Month-to-month,39.79,1313.07,No
CUST01011,Female,1,Yes,No,63,No,DSL,One year,108.29,6822.27,No
CUST01012,Female,0,Yes,No,46,No,Fiber optic,One year,109.79,5050.34,No
CUST01013,Female,1,Yes,No,68,Yes,DSL,One year,59.83,4068.44,Yes
CUST01014,Female,0,Yes,No,28,Yes,No,Two year,57.17,1600.76,No
CUST01015,Male,0,No,No,43,Yes,No,Month-to-month,66.54,2861.22,No
CUST01016,Male,1,No,No,28,No,DSL,Month-to-month,76.1,2130.8,No
CUST01017,Female,1,Yes,Yes,26,No,DSL,Month-to-month,100.27,2607.02,No
CUST01018,Female,0,Yes,No,42,No,DSL,Two year,58.29,2448.18,No
CUST01019,Male,1,Yes,Yes,52,No,DSL,Month-to-month,109.58,5698.16,No
CUST01020,Female,1,Yes,No,54,No,No,Two year,50.1,2705.4,No
CUST01021,Female,0,No,Yes,7,Yes,DSL,One year,49.84,348.88,No
CUST01022,Female,0,Yes,Yes,7,Yes,No,Month-to-month,33.87,237.09,No
CUST01023,Male,1,Yes,Yes,48,Yes,Fiber optic,Two year,118.96,5710.08,No
CUST01024,Female,1,Yes,Yes,10,No,DSL,One year,52.93,529.3,No
CUST01025,Female,1,Yes,Yes,17,No,No,One year,106.19,1805.23,No
CUST01026,Male,0,No,No,63,Yes,Fiber optic,One year,52.19,3287.97,No
CUST01027,Male,0,Yes,No,72,Yes,DSL,Month-to-month,85.95,6188.4,No
CUST01028,Male,1,Yes,No,2,Yes,No,Two year,41.61,83.22,No
CUST01029,Female,1,Yes,Yes,68,Yes,DSL,Two year,105.85,7197.8,No
CUST01030,Male,1,Yes,Yes,47,No,Fiber optic,One year,117.51,5522.97,No
CUST01031,Male,0,No,Yes,22,Yes,DSL,Two year,50.71,1115.62,No
CUST01032,Female,1,No,Yes,3,Yes,Fiber optic,One year,38.7,116.1,Yes
CUST01033,Female,0,No,No,56,No,DSL,Month-to-month,35.06,1963.36,No
CUST01034,Male,1,Yes,No,7,Yes,No,Two year,58.25,407.75,No
CUST01035,Male,0,Yes,Yes,36,Yes,DSL,Two year,80.74,2906.64,No
CUST01036,Male,1,Yes,No,7,No,Fiber optic,Month-to-month,77.52,542.64,Yes
CUST01037,Female,1,Yes,Yes,13,Yes,Fiber optic,Month-to-month,93.39,1214.07,No
CUST01038,Male,0,No,No,37,Yes,DSL,Two year,79.63,2946.31,No
CUST01039,Female,0,Yes,No,41,No,Fiber optic,Two year,26.95,1104.95,No
CUST01040,Male,0,No,No,3,Yes,Fiber optic,Month-to-month,117.44,352.32,No
CUST01041,Female,0,Yes,Yes,32,Yes,DSL,One year,30.94,990.08,No
CUST01042,Female,1,No,No,39,No,Fiber optic,Two year,53.57,2089.23,No
CUST01043,Female,0,No,Yes,2,Yes,Fiber optic,One year,50.11,100.22,No
CUST01044,Male,0,No,No,29,Yes,No,Two year,119.41,3462.89,No
CUST01045,Male,1,No,Yes,12,No,No,Month-to-month,112.06,1344.72,Yes
CUST01046,Female,1,Yes,Yes,45,No,No,One year,59.1,2659.5,No
CUST01047,Female,1,Yes,Yes,16,No,No,One year,99.53,1592.48,No
CUST01048,Female,0,No,No,19,No,DSL,One year,88.09,1673.71,No
CUST01049,Male,0,No,No,38,Yes,Fiber optic,Month-to-month,65.39,2484.82,Yes
CUST01050,Male,1,No,Yes,46,Yes,No,Two year,103.41,4756.86,Yes
CUST01051,Male,1,Yes,Yes,35,No,Fiber optic,Month-to-month,119.59,4185.65,Yes
CUST01052,Male,1,No,No,32,Yes,No,Two year,83.7,2678.4,No
CUST01053,Male,0,No,Yes,56,No,No,Two year,107.59,6025.04,No
CUST01054,Female,0,No,No,26,Yes,DSL,One year,50.5,1313.0,No
CUST01055,Female,1,No,No,68,No,Fiber optic,One year,89.41,6079.88,No
CUST01056,Female,0,Yes,No,53,Yes,No,One year,22.77,1206.81,No
CUST01057,Female,0,No,Yes,66,No,No,One year,32.73,2160.18,No
CUST01058,Female,0,Yes,Yes,1,No,No,One year,100.75,100.75,No
CUST01059,Female,1,Yes,Yes,14,Yes,No,One year,79.43,1112.02,No
CUST01060,Female,0,Yes,Yes,27,No,No,Two year,34.42,929.34,No
CUST01061,Female,0,Yes,Yes,40,Yes,DSL,Two year,118.92,4756.8,Yes
CUST01062,Female,0,No,No,16,Yes,DSL,Two year,29.69,475.04,No
CUST01063,Male,1,No,Yes,39,No,DSL,One year,68.37,2666.43,No
CUST01064,Male,0,Yes,No,3,No,Fiber optic,Month-to-month,34.17,102.51,No
CUST01065,Female,1,No,No,38,Yes,Fiber optic,Two year,30.0,1140.0,No
CUST01066,Male,1,Yes,No,54,Yes,No,One year,34.82,1880.28,No
CUST01067,Male,1,No,No,57,Yes,DSL,Month-to-month,110.81,6316.17,Yes
CUST01068,Female,1,Yes,Yes,46,Yes,Fiber optic,Two year,105.58,4856.68,No
CUST01069,Female,1,No,Yes,44,No,Fiber optic,One year,91.52,4026.88,No
CUST01070,Female,0,No,No,61,No,DSL,Two year,85.9,5239.9,No
CUST01071,Male,0,No,No,6,No,DSL,Month-to-month,105.2,631.2,Yes
CUST01072,Female,1,Yes,Yes,31,No,DSL,Month-to-month,109.98,3409.38,Yes
CUST01073,Male,0,No,Yes,5,No,Fiber optic,Two year,27.29,136.45,No
CUST01074,Female,1,No,No,18,Yes,DSL,Two year,77.38,1392.84,No
CUST01075,Male,0,Yes,Yes,21,Yes,DSL,One year,101.38,2128.98,No
CUST01076,Male,1,Yes,No,18,Yes,DSL,Month-to-month,55.96,1007.28,Yes
CUST01077,Male,0,No,No,61,No,DSL,Two year,55.21,3367.81,No
CUST01078,Male,1,Yes,Yes,11,No,DSL,Month-to-month,98.24,1080.64,Yes
CUST01079,Female,0,Yes,No,29,Yes,No,One year,112.23,3254.67,No
CUST01080,Female,0,Yes,No,31,No,No,Two year,113.18,3508.58,No
CUST01081,Female,0,Yes,Yes,4,No,No,Month-to-month,53.8,215.2,Yes
CUST01082,Male,1,Yes,No,8,Yes,No,Month-to-month,69.36,554.88,No
CUST01083,Male,1,Yes,No,62,No,Fiber optic,Month-to-month,47.05,2917.1,Yes
CUST01084,Male,1,Yes,No,39,Yes,Fiber optic,Month-to-month,22.14,863.46,Yes
CUST01085,Male,0,No,Yes,49,No,Fiber optic,Two year,32.52,1593.48,No
CUST01086,Male,0,Yes,Yes,25,No,No,One year,63.65,1591.25,Yes
CUST01087,Male,0,Yes,Yes,69,Yes,Fiber optic,Two year,24.58,1696.02,No
CUST01088,Male,1,Yes,No,24,No,No,One year,24.37,584.88,No
CUST01089,Male,1,No,Yes,16,No,No,Two year,27.68,442.88,No
CUST01090,Male,1,No,Yes,39,Yes,Fiber optic,One year,98.02,3822.78,No
CUST01091,Male,0,Yes,Yes,53,No,No,Two year,115.06,6098.18,No
CUST01092,Male,0,Yes,No,71,No,DSL,Month-to-month,32.27,2291.17,No
CUST01093,Female,1,Yes,Yes,3,No,No,One year,103.63,310.89,Yes
CUST01094,Female,0,Yes,Yes,50,No,DSL,One year,21.88,1094.0,No
CUST01095,Female,0,No,No,56,Yes,DSL,Two year,25.23,1412.88,No
CUST01096,Female,0,Yes,No,44,No,No,Two year,102.92,4528.48,No
CUST01097,Female,0,No,No,60,Yes,DSL,One year,77.26,4635.6,No
CUST01098,Male,0,No,No,2,No,DSL,One year,99.96,199.92,No
CUST01099,Male,0,No,No,36,No,DSL,One year,46.87,1687.32,No
CUST01100,Male,1,No,Yes,57,No,DSL,One year,21.73,1238.61,Yes
CUST01101,Male,1,Yes,No,11,No,Fiber optic,One year,109.7,1206.7,No
CUST01102,Male,0,Yes,Yes,64,Yes,No,Month-to-month,42.74,2735.36,Yes
CUST01103,Male,0,No,No,65,Yes,No,One year,77.99,5069.35,Yes
CUST01104,Female,0,Yes,No,46,Yes,No,Two year,91.83,4224.18,No
CUST01105,Female,0,No,No,10,Yes,DSL,Month-to-month,40.4,404.0,No
CUST01106,Female,1,No,No,42,Yes,DSL,Two year,98.82,4150.44,No
CUST01107,Male,0,Yes,No,48,No,DSL,Month-to-month,49.09,2356.32,Yes
CUST01108,Female,0,Yes,Yes,49,No,No,Two year,23.26,1139.74,No
CUST01109,Female,1,No,Yes,16,No,DSL,Two year,99.82,1597.12,No
CUST01110,Male,1,No,Yes,43,Yes,Fiber optic,Month-to-month,99.9,4295.7,No
CUST01111,Male,1,No,Yes,53,No,Fiber optic,One year,27.97,1482.41,No
CUST01112,Male,1,Yes,No,30,No,Fiber optic,Two year,102.78,3083.4,No
CUST01113,Male,1,Yes,Yes,41,No,DSL,Month-to-month,28.15,1154.15,Yes
CUST01114,Female,0,Yes,Yes,22,No,DSL,Month-to-month,61.86,1360.92,No
CUST01115,Female,1,No,Yes,22,No,No,Month-to-month,33.24,731.28,No
CUST01116,Female,0,Yes,Yes,72,No,Fiber optic,Month-to-month,91.2,6566.4,Yes
CUST01117,Female,1,Yes,Yes,53,Yes,DSL,Two year,64.98,3443.94,No
CUST01118,Female,1,No,No,1,Yes,No,Two year,79.3,79.3,No
CUST01119,Male,1,No,No,36,No,Fiber optic,Month-to-month,43.23,1556.28,No
CUST01120,Male,1,No,No,23,Yes,Fiber optic,Month-to-month,24.19,556.37,No
CUST01121,Female,0,Yes,No,37,No,No,Month-to-month,31.86,1178.82,Yes
CUST01122,Male,0,Yes,Yes,14,Yes,DSL,Month-to-month,86.64,1212.96,Yes
CUST01123,Female,1,Yes,No,63,No,DSL,Month-to-month,56.95,3587.85,Yes
CUST01124,Male,0,No,Yes,16,No,DSL,One year,108.89,1742.24,No
CUST01125,Female,1,No,Yes,29,No,DSL,Two year,27.44,795.76,No
CUST01126,Female,0,Yes,Yes,56,Yes,DSL,Month-to-month,113.24,6341.44,No
CUST01127,Male,1,Yes,No,49,No,DSL,Month-to-month,87.33,4279.17,Yes
CUST01128,Male,0,No,Yes,26,No,No,Two year,107.59,2797.34,No
CUST01129,Female,1,Yes,No,27,No,No,Two year,37.81,1020.87,No
CUST01130,Female,1,No,No,24,No,Fiber optic,One year,104.07,2497.68,No
CUST01131,Female,1,No,No,13,Yes,No,Month-to-month,31.24,406.12,No
CUST01132,Male,1,No,Yes,55,No,Fiber optic,Month-to-month,37.62,2069.1,No
CUST01133,Male,1,Yes,No,53,No,No,Two year,43.49,2304.97,No
CUST01134,Female,1,Yes,No,41,No,No,One year,59.14,2424.74,No
CUST01135,Female,1,Yes,Yes,29,Yes,No,One year,83.63,2425.27,Yes
CUST01136,Male,0,No,Yes,15,No,Fiber optic,Two year,81.08,1216.2,No
CUST01137,Female,0,Yes,No,71,Yes,Fiber optic,Month-to-month,85.49,6069.79,No
CUST01138,Male,0,Yes,Yes,21,Yes,No,One year,53.15,1116.15,No
CUST01139,Male,0,Yes,Yes,51,No,No,One year,24.23,1235.73,No
CUST01140,Female,0,Yes,Yes,16,No,DSL,One year,85.53,1368.48,Yes
CUST01141,Male,0,No,Yes,2,No,Fiber optic,Two year,103.03,206.06,No
CUST01142,Female,0,Yes,No,55,No,Fiber optic,Two year,94.35,5189.25,No
CUST01143,Female,1,No,Yes,38,No,DSL,One year,29.31,1113.78,No
CUST01144,Male,1,Yes,Yes,64,No,DSL,Two year,59.36,3799.04,No
CUST01145,Female,1,Yes,Yes,58,Yes,No,One year,67.68,3925.44,Yes
CUST01146,Male,0,Yes,No,22,No,No,Month-to-month,106.48,2342.56,No
CUST01147,Female,1,Yes,Yes,30,No,No,Month-to-month,96.74,2902.2,Yes
CUST01148,Female,1,No,Yes,53,No,Fiber optic,Month-to-month,46.81,2480.93,Yes
CUST01149,Male,0,No,Yes,62,No,DSL,Two year,75.48,4679.76,No
CUST01150,Male,1,Yes,Yes,2,No,Fiber optic,Month-to-month,71.99,143.98,Yes
CUST01151,Female,1,Yes,No,22,Yes,Fiber optic,Two year,100.32,2207.04,No
CUST01152,Female,1,Yes,Yes,38,No,No,Two year,112.2,4263.6,No
CUST01153,Female,1,No,Yes,27,No,No,Two year,115.2,3110.4,No
CUST01154,Male,1,No,Yes,18,Yes,Fiber optic,Month-to-month,72.44,1303.92,No
CUST01155,Male,1,No,Yes,9,Yes,No,Month-to-month,51.18,460.62,Yes
CUST01156,Male,1,Yes,Yes,60,No,Fiber optic,Two year,35.65,2139.0,No
CUST01157,Female,1,Yes,Yes,55,Yes,DSL,Two year,92.93,5111.15,No
CUST01158,Male,1,No,No,28,No,DSL,One year,37.83,1059.24,No
CUST01159,Male,0,Yes,Yes,22,No,DSL,Month-to-month,98.34,2163.48,No
CUST01160,Female,1,No,No,42,No,No,Month-to-month,109.6,4603.2,Yes
CUST01161,Female,1,No,No,16,No,No,Month-to-month,76.01,1216.16,Yes
CUST01162,Female,0,No,No,11,No,No,Two year,104.22,1146.42,No
CUST01163,Female,0,Yes,No,33,No,No,Two year,32.02,1056.66,No
CUST01164,Male,1,No,Yes,45,Yes,DSL,Two year,62.41,2808.45,No
CUST01165,Female,1,Yes,No,57,No,No,One year,72.6,4138.2,Yes
CUST01166,Female,1,Yes,No,2,No,No,Two year,47.3,94.6,No
CUST01167,Female,1,No,Yes,8,No,No,Two year,102.33,818.64,No
CUST01168,Male,0,Yes,Yes,70,No,DSL,Month-to-month,23.82,1667.4,Yes
CUST01169,Male,1,Yes,Yes,8,No,No,One year,83.75,670.0,Yes
CUST01170,Female,0,No,No,41,Yes,DSL,Two year,36.92,1513.72,No
CUST01171,Male,1,Yes,No,25,Yes,No,Two year,34.75,868.75,No
CUST01172,Male,1,No,No,65,Yes,Fiber optic,One year,37.3,2424.5,No
CUST01173,Female,0,Yes,Yes,60,Yes,No,Two year,103.61,6216.6,No
CUST01174,Male,0,Yes,Yes,12,No,Fiber optic,Month-to-month,51.75,621.0,No
CUST01175,Male,0,No,Yes,11,No,No,Two year,114.32,1257.52,No
CUST01176,Female,0,Yes,No,37,Yes,DSL,Month-to-month,47.9,1772.3,No
CUST01177,Female,1,No,No,38,No,No,One year,89.76,3410.88,No
CUST01178,Male,0,No,No,22,No,DSL,Month-to-month,114.97,2529.34,No
CUST01179,Female,0,Yes,No,44,Yes,Fiber optic,Two year,116.85,5141.4,No
CUST01180,Male,1,Yes,No,34,No,Fiber optic,Month-to-month,112.19,3814.46,No
CUST01181,Male,1,Yes,Yes,49,No,Fiber optic,Two year,78.84,3863.16,Yes
CUST01182,Female,1,Yes,No,43,Yes,DSL,One year,84.79,3645.97,Yes
CUST01183,Female,1,No,Yes,57,No,No,Two year,65.64,3741.48,No
CUST01184,Female,0,Yes,Yes,48,No,Fiber optic,Two year,53.79,2581.92,No
CUST01185,Male,1,Yes,Yes,35,Yes,No,Two year,60.08,2102.8,Yes
CUST01186,Male,1,No,No,43,Yes,Fiber optic,Month-to-month,117.03,5032.29,Yes
CUST01187,Female,1,Yes,Yes,1,Yes,DSL,Two year,34.75,34.75,No
CUST01188,Female,0,No,Yes,56,No,DSL,Month-to-month,92.41,5174.96,Yes
CUST01189,Female,1,No,Yes,61,Yes,Fiber optic,Two year,88.68,5409.48,No
CUST01190,Female,1,No,No,17,Yes,Fiber optic,One year,96.3,1637.1,Yes
CUST01191,Male,0,Yes,No,63,No,Fiber optic,Two year,94.04,5924.52,No
CUST01192,Male,0,Yes,No,65,Yes,DSL,Month-to-month,81.06,5268.9,No
CUST01193,Male,1,Yes,No,28,No,Fiber optic,One year,63.54,1779.12,No
CUST01194,Male,0,No,Yes,62,No,DSL,Month-to-month,46.1,2858.2,No
CUST01195,Female,0,Yes,No,45,Yes,No,Two year,93.27,4197.15,No
CUST01196,Female,1,Yes,No,65,No,Fiber optic,One year,88.63,5760.95,Yes
CUST01197,Female,1,No,No,15,Yes,DSL,Two year,100.71,1510.65,No
CUST01198,Male,0,Yes,No,55,No,DSL,Two year,95.96,5277.8,No
CUST01199,Male,1,No,Yes,66,Yes,Fiber optic,Two year,92.76,6122.16,No
CUST01200,Female,1,No,No,59,No,DSL,One year,25.01,1475.59,No
